period,"Exports from South-East Asia to United States - 10 - Coal, lignite and peat, million US dollars (CEPII/CHELEM-TRADE-ISIC/AES.USA.CAT.10)","Exports from Africa (others) to United States - 10 - Coal, lignite and peat, million US dollars (CEPII/CHELEM-TRADE-ISIC/AFA.USA.CAT.10)","Exports from North Africa to United States - 10 - Coal, lignite and peat, million US dollars (CEPII/CHELEM-TRADE-ISIC/AFN.USA.CAT.10)","Exports from Africa, Near and Middle East to United States - 10 - Coal, lignite and peat, million US dollars (CEPII/CHELEM-TRADE-ISIC/AFR.USA.CAT.10)","Exports from Sub-Saharan Africa to United States - 10 - Coal, lignite and peat, million US dollars (CEPII/CHELEM-TRADE-ISIC/AFS.USA.CAT.10)","Exports from African LDCs to United States - 10 - Coal, lignite and peat, million US dollars (CEPII/CHELEM-TRADE-ISIC/AFZ.USA.CAT.10)","Exports from Albania to United States - 10 - Coal, lignite and peat, million US dollars (CEPII/CHELEM-TRADE-ISIC/ALB.USA.CAT.10)","Exports from Others in America to United States - 10 - Coal, lignite and peat, million US dollars (CEPII/CHELEM-TRADE-ISIC/AMA.USA.CAT.10)","Exports from America to United States - 10 - Coal, lignite and peat, million US dollars (CEPII/CHELEM-TRADE-ISIC/AME.USA.CAT.10)","Exports from North America to United States - 10 - Coal, lignite and peat, million US dollars (CEPII/CHELEM-TRADE-ISIC/AMN.USA.CAT.10)","Exports from South America, central America and Caribbean to United States - 10 - Coal, lignite and peat, million US dollars (CEPII/CHELEM-TRADE-ISIC/AMS.USA.CAT.10)","Exports from North-East Asia to United States - 10 - Coal, lignite and peat, million US dollars (CEPII/CHELEM-TRADE-ISIC/ANE.USA.CAT.10)","Exports from East Asia nes, others to United States - 10 - Coal, lignite and peat, million US dollars (CEPII/CHELEM-TRADE-ISIC/AOA.USA.CAT.10)","Exports from East Asian LDCs to United States - 10 - Coal, lignite and peat, million US dollars (CEPII/CHELEM-TRADE-ISIC/AOZ.USA.CAT.10)","Exports from APEC to United States - 10 - Coal, lignite and peat, million US dollars (CEPII/CHELEM-TRADE-ISIC/APE.USA.CAT.10)","Exports from Argentina to United States - 10 - Coal, lignite and peat, million US dollars (CEPII/CHELEM-TRADE-ISIC/ARG.USA.CAT.10)","Exports from ASEAN to United States - 10 - Coal, lignite and peat, million US dollars (CEPII/CHELEM-TRADE-ISIC/ASE.USA.CAT.10)","Exports from Asia and Oceania to United States - 10 - Coal, lignite and peat, million US dollars (CEPII/CHELEM-TRADE-ISIC/ASO.USA.CAT.10)","Exports from South Asia and Pacific to United States - 10 - Coal, lignite and peat, million US dollars (CEPII/CHELEM-TRADE-ISIC/ASS.USA.CAT.10)","Exports from Australia to United States - 10 - Coal, lignite and peat, million US dollars (CEPII/CHELEM-TRADE-ISIC/AUS.USA.CAT.10)","Exports from Austria to United States - 10 - Coal, lignite and peat, million US dollars (CEPII/CHELEM-TRADE-ISIC/AUT.USA.CAT.10)","Exports from Baltic states to United States - 10 - Coal, lignite and peat, million US dollars (CEPII/CHELEM-TRADE-ISIC/BAL.USA.CAT.10)","Exports from Belgium to United States - 10 - Coal, lignite and peat, million US dollars (CEPII/CHELEM-TRADE-ISIC/BEL.USA.CAT.10)","Exports from Bangladesh to United States - 10 - Coal, lignite and peat, million US dollars (CEPII/CHELEM-TRADE-ISIC/BGD.USA.CAT.10)","Exports from Bulgaria to United States - 10 - Coal, lignite and peat, million US dollars (CEPII/CHELEM-TRADE-ISIC/BGR.USA.CAT.10)","Exports from Bosnia and Herzegovina to United States - 10 - Coal, lignite and peat, million US dollars (CEPII/CHELEM-TRADE-ISIC/BIH.USA.CAT.10)","Exports from Belarus to United States - 10 - Coal, lignite and peat, million US dollars (CEPII/CHELEM-TRADE-ISIC/BLR.USA.CAT.10)","Exports from Belgium and Luxembourg to United States - 10 - Coal, lignite and peat, million US dollars (CEPII/CHELEM-TRADE-ISIC/BLX.USA.CAT.10)","Exports from Bolivia to United States - 10 - Coal, lignite and peat, million US dollars (CEPII/CHELEM-TRADE-ISIC/BOL.USA.CAT.10)","Exports from Brazil to United States - 10 - Coal, lignite and peat, million US dollars (CEPII/CHELEM-TRADE-ISIC/BRA.USA.CAT.10)","Exports from BRIC to United States - 10 - Coal, lignite and peat, million US dollars (CEPII/CHELEM-TRADE-ISIC/BRI.USA.CAT.10)","Exports from Brunei Darussalam to United States - 10 - Coal, lignite and peat, million US dollars (CEPII/CHELEM-TRADE-ISIC/BRN.USA.CAT.10)","Exports from Cambodia, Lao PDR to United States - 10 - Coal, lignite and peat, million US dollars (CEPII/CHELEM-TRADE-ISIC/CAL.USA.CAT.10)","Exports from Canada to United States - 10 - Coal, lignite and peat, million US dollars (CEPII/CHELEM-TRADE-ISIC/CAN.USA.CAT.10)","Exports from Caucasus to United States - 10 - Coal, lignite and peat, million US dollars (CEPII/CHELEM-TRADE-ISIC/CAU.USA.CAT.10)","Exports from Other CIS to United States - 10 - Coal, lignite and peat, million US dollars (CEPII/CHELEM-TRADE-ISIC/CEA.USA.CAT.10)","Exports from CIS to United States - 10 - Coal, lignite and peat, million US dollars (CEPII/CHELEM-TRADE-ISIC/CEI.USA.CAT.10)","Exports from Switzerland to United States - 10 - Coal, lignite and peat, million US dollars (CEPII/CHELEM-TRADE-ISIC/CHE.USA.CAT.10)","Exports from Chile to United States - 10 - Coal, lignite and peat, million US dollars (CEPII/CHELEM-TRADE-ISIC/CHL.USA.CAT.10)","Exports from China, People's Rep. to United States - 10 - Coal, lignite and peat, million US dollars (CEPII/CHELEM-TRADE-ISIC/CHN.USA.CAT.10)","Exports from Cote d'Ivoire to United States - 10 - Coal, lignite and peat, million US dollars (CEPII/CHELEM-TRADE-ISIC/CIV.USA.CAT.10)","Exports from Cameroon to United States - 10 - Coal, lignite and peat, million US dollars (CEPII/CHELEM-TRADE-ISIC/CMR.USA.CAT.10)","Exports from Colombia to United States - 10 - Coal, lignite and peat, million US dollars (CEPII/CHELEM-TRADE-ISIC/COL.USA.CAT.10)","Exports from Czech Rep. and Slovakia to United States - 10 - Coal, lignite and peat, million US dollars (CEPII/CHELEM-TRADE-ISIC/CSK.USA.CAT.10)","Exports from Cyprus to United States - 10 - Coal, lignite and peat, million US dollars (CEPII/CHELEM-TRADE-ISIC/CYP.USA.CAT.10)","Exports from Czech Republic to United States - 10 - Coal, lignite and peat, million US dollars (CEPII/CHELEM-TRADE-ISIC/CZE.USA.CAT.10)","Exports from Germany to United States - 10 - Coal, lignite and peat, million US dollars (CEPII/CHELEM-TRADE-ISIC/DEU.USA.CAT.10)","Exports from Developed countries to United States - 10 - Coal, lignite and peat, million US dollars (CEPII/CHELEM-TRADE-ISIC/DEV.USA.CAT.10)","Exports from Denmark to United States - 10 - Coal, lignite and peat, million US dollars (CEPII/CHELEM-TRADE-ISIC/DNK.USA.CAT.10)","Exports from Algeria to United States - 10 - Coal, lignite and peat, million US dollars (CEPII/CHELEM-TRADE-ISIC/DZA.USA.CAT.10)","Exports from European Union (15) (incl. intra-zone) to United States - 10 - Coal, lignite and peat, million US dollars (CEPII/CHELEM-TRADE-ISIC/E15.USA.CAT.10)","Exports from Ecuador to United States - 10 - Coal, lignite and peat, million US dollars (CEPII/CHELEM-TRADE-ISIC/ECU.USA.CAT.10)","Exports from Egypt to United States - 10 - Coal, lignite and peat, million US dollars (CEPII/CHELEM-TRADE-ISIC/EGY.USA.CAT.10)","Exports from Emerging Countries (excl. BRIC) to United States - 10 - Coal, lignite and peat, million US dollars (CEPII/CHELEM-TRADE-ISIC/EM1.USA.CAT.10)","Exports from New members in European Union (28-15) to United States - 10 - Coal, lignite and peat, million US dollars (CEPII/CHELEM-TRADE-ISIC/ENM.USA.CAT.10)","Exports from Spain to United States - 10 - Coal, lignite and peat, million US dollars (CEPII/CHELEM-TRADE-ISIC/ESP.USA.CAT.10)","Exports from Estonia to United States - 10 - Coal, lignite and peat, million US dollars (CEPII/CHELEM-TRADE-ISIC/EST.USA.CAT.10)","Exports from Others in Europe to United States - 10 - Coal, lignite and peat, million US dollars (CEPII/CHELEM-TRADE-ISIC/EUA.USA.CAT.10)","Exports from Europe and CIS to United States - 10 - Coal, lignite and peat, million US dollars (CEPII/CHELEM-TRADE-ISIC/EUC.USA.CAT.10)","Exports from Euroland to United States - 10 - Coal, lignite and peat, million US dollars (CEPII/CHELEM-TRADE-ISIC/EUR.USA.CAT.10)","Exports from Finland to United States - 10 - Coal, lignite and peat, million US dollars (CEPII/CHELEM-TRADE-ISIC/FIN.USA.CAT.10)","Exports from France to United States - 10 - Coal, lignite and peat, million US dollars (CEPII/CHELEM-TRADE-ISIC/FRA.USA.CAT.10)","Exports from Group of 20 to United States - 10 - Coal, lignite and peat, million US dollars (CEPII/CHELEM-TRADE-ISIC/G20.USA.CAT.10)","Exports from G8 to United States - 10 - Coal, lignite and peat, million US dollars (CEPII/CHELEM-TRADE-ISIC/G8.USA.CAT.10)","Exports from Gabon to United States - 10 - Coal, lignite and peat, million US dollars (CEPII/CHELEM-TRADE-ISIC/GAB.USA.CAT.10)","Exports from United Kingdom to United States - 10 - Coal, lignite and peat, million US dollars (CEPII/CHELEM-TRADE-ISIC/GBR.USA.CAT.10)","Exports from Persian Gulf to United States - 10 - Coal, lignite and peat, million US dollars (CEPII/CHELEM-TRADE-ISIC/GLF.USA.CAT.10)","Exports from Gulf nes to United States - 10 - Coal, lignite and peat, million US dollars (CEPII/CHELEM-TRADE-ISIC/GOA.USA.CAT.10)","Exports from Greece to United States - 10 - Coal, lignite and peat, million US dollars (CEPII/CHELEM-TRADE-ISIC/GRC.USA.CAT.10)","Exports from Hong Kong to United States - 10 - Coal, lignite and peat, million US dollars (CEPII/CHELEM-TRADE-ISIC/HKG.USA.CAT.10)","Exports from Croatia to United States - 10 - Coal, lignite and peat, million US dollars (CEPII/CHELEM-TRADE-ISIC/HRV.USA.CAT.10)","Exports from Hungary to United States - 10 - Coal, lignite and peat, million US dollars (CEPII/CHELEM-TRADE-ISIC/HUN.USA.CAT.10)","Exports from Indonesia to United States - 10 - Coal, lignite and peat, million US dollars (CEPII/CHELEM-TRADE-ISIC/IDN.USA.CAT.10)","Exports from India to United States - 10 - Coal, lignite and peat, million US dollars (CEPII/CHELEM-TRADE-ISIC/IND.USA.CAT.10)","Exports from Ireland to United States - 10 - Coal, lignite and peat, million US dollars (CEPII/CHELEM-TRADE-ISIC/IRL.USA.CAT.10)","Exports from Iceland to United States - 10 - Coal, lignite and peat, million US dollars (CEPII/CHELEM-TRADE-ISIC/ISL.USA.CAT.10)","Exports from Israel to United States - 10 - Coal, lignite and peat, million US dollars (CEPII/CHELEM-TRADE-ISIC/ISR.USA.CAT.10)","Exports from Italy to United States - 10 - Coal, lignite and peat, million US dollars (CEPII/CHELEM-TRADE-ISIC/ITA.USA.CAT.10)","Exports from Japan to United States - 10 - Coal, lignite and peat, million US dollars (CEPII/CHELEM-TRADE-ISIC/JPN.USA.CAT.10)","Exports from Kazakhstan to United States - 10 - Coal, lignite and peat, million US dollars (CEPII/CHELEM-TRADE-ISIC/KAZ.USA.CAT.10)","Exports from Kenya to United States - 10 - Coal, lignite and peat, million US dollars (CEPII/CHELEM-TRADE-ISIC/KEN.USA.CAT.10)","Exports from Kyrgyzstan to United States - 10 - Coal, lignite and peat, million US dollars (CEPII/CHELEM-TRADE-ISIC/KGZ.USA.CAT.10)","Exports from South Korea to United States - 10 - Coal, lignite and peat, million US dollars (CEPII/CHELEM-TRADE-ISIC/KOR.USA.CAT.10)","Exports from Libyan Arab Jamahiriya to United States - 10 - Coal, lignite and peat, million US dollars (CEPII/CHELEM-TRADE-ISIC/LBY.USA.CAT.10)","Exports from Sri Lanka to United States - 10 - Coal, lignite and peat, million US dollars (CEPII/CHELEM-TRADE-ISIC/LKA.USA.CAT.10)","Exports from Lithuania to United States - 10 - Coal, lignite and peat, million US dollars (CEPII/CHELEM-TRADE-ISIC/LTU.USA.CAT.10)","Exports from Luxembourg to United States - 10 - Coal, lignite and peat, million US dollars (CEPII/CHELEM-TRADE-ISIC/LUX.USA.CAT.10)","Exports from Latvia to United States - 10 - Coal, lignite and peat, million US dollars (CEPII/CHELEM-TRADE-ISIC/LVA.USA.CAT.10)","Exports from Morocco to United States - 10 - Coal, lignite and peat, million US dollars (CEPII/CHELEM-TRADE-ISIC/MAR.USA.CAT.10)","Exports from Mediterranean zone to United States - 10 - Coal, lignite and peat, million US dollars (CEPII/CHELEM-TRADE-ISIC/MED.USA.CAT.10)","Exports from Middle East and North Africa to United States - 10 - Coal, lignite and peat, million US dollars (CEPII/CHELEM-TRADE-ISIC/MEN.USA.CAT.10)","Exports from MERCOSUR to United States - 10 - Coal, lignite and peat, million US dollars (CEPII/CHELEM-TRADE-ISIC/MER.USA.CAT.10)","Exports from Mexico to United States - 10 - Coal, lignite and peat, million US dollars (CEPII/CHELEM-TRADE-ISIC/MEX.USA.CAT.10)","Exports from Macedonia, Republic of to United States - 10 - Coal, lignite and peat, million US dollars (CEPII/CHELEM-TRADE-ISIC/MKD.USA.CAT.10)","Exports from Malta to United States - 10 - Coal, lignite and peat, million US dollars (CEPII/CHELEM-TRADE-ISIC/MLT.USA.CAT.10)","Exports from Middle East, no OPEC to United States - 10 - Coal, lignite and peat, million US dollars (CEPII/CHELEM-TRADE-ISIC/MOA.USA.CAT.10)","Exports from Malaysia to United States - 10 - Coal, lignite and peat, million US dollars (CEPII/CHELEM-TRADE-ISIC/MYS.USA.CAT.10)","Exports from Nigeria to United States - 10 - Coal, lignite and peat, million US dollars (CEPII/CHELEM-TRADE-ISIC/NGA.USA.CAT.10)","Exports from Netherlands to United States - 10 - Coal, lignite and peat, million US dollars (CEPII/CHELEM-TRADE-ISIC/NLD.USA.CAT.10)","Exports from Norway to United States - 10 - Coal, lignite and peat, million US dollars (CEPII/CHELEM-TRADE-ISIC/NOR.USA.CAT.10)","Exports from Scandinavia to United States - 10 - Coal, lignite and peat, million US dollars (CEPII/CHELEM-TRADE-ISIC/NRD.USA.CAT.10)","Exports from New Zealand to United States - 10 - Coal, lignite and peat, million US dollars (CEPII/CHELEM-TRADE-ISIC/NZL.USA.CAT.10)","Exports from OECD to United States - 10 - Coal, lignite and peat, million US dollars (CEPII/CHELEM-TRADE-ISIC/OCD.USA.CAT.10)","Exports from Australia and New Zealand to United States - 10 - Coal, lignite and peat, million US dollars (CEPII/CHELEM-TRADE-ISIC/OCN.USA.CAT.10)","Exports from OPEC to United States - 10 - Coal, lignite and peat, million US dollars (CEPII/CHELEM-TRADE-ISIC/OPP.USA.CAT.10)","Exports from Pakistan to United States - 10 - Coal, lignite and peat, million US dollars (CEPII/CHELEM-TRADE-ISIC/PAK.USA.CAT.10)","Exports from Developing countries to United States - 10 - Coal, lignite and peat, million US dollars (CEPII/CHELEM-TRADE-ISIC/PED.USA.CAT.10)","Exports from Peru to United States - 10 - Coal, lignite and peat, million US dollars (CEPII/CHELEM-TRADE-ISIC/PER.USA.CAT.10)","Exports from Philippines to United States - 10 - Coal, lignite and peat, million US dollars (CEPII/CHELEM-TRADE-ISIC/PHL.USA.CAT.10)","Exports from Least Developed Countries to United States - 10 - Coal, lignite and peat, million US dollars (CEPII/CHELEM-TRADE-ISIC/PMA.USA.CAT.10)","Exports from Near and Middle East to United States - 10 - Coal, lignite and peat, million US dollars (CEPII/CHELEM-TRADE-ISIC/PMO.USA.CAT.10)","Exports from Poland to United States - 10 - Coal, lignite and peat, million US dollars (CEPII/CHELEM-TRADE-ISIC/POL.USA.CAT.10)","Exports from Portugal to United States - 10 - Coal, lignite and peat, million US dollars (CEPII/CHELEM-TRADE-ISIC/PRT.USA.CAT.10)","Exports from Paraguay to United States - 10 - Coal, lignite and peat, million US dollars (CEPII/CHELEM-TRADE-ISIC/PRY.USA.CAT.10)","Exports from Romania to United States - 10 - Coal, lignite and peat, million US dollars (CEPII/CHELEM-TRADE-ISIC/ROM.USA.CAT.10)","Exports from Russian Federation to United States - 10 - Coal, lignite and peat, million US dollars (CEPII/CHELEM-TRADE-ISIC/RUS.USA.CAT.10)","Exports from Saudi Arabia to United States - 10 - Coal, lignite and peat, million US dollars (CEPII/CHELEM-TRADE-ISIC/SAU.USA.CAT.10)","Exports from Serbia and Montenegro to United States - 10 - Coal, lignite and peat, million US dollars (CEPII/CHELEM-TRADE-ISIC/SEM.USA.CAT.10)","Exports from Singapore to United States - 10 - Coal, lignite and peat, million US dollars (CEPII/CHELEM-TRADE-ISIC/SGP.USA.CAT.10)","Exports from Former USSR to United States - 10 - Coal, lignite and peat, million US dollars (CEPII/CHELEM-TRADE-ISIC/SUN.USA.CAT.10)","Exports from Slovakia to United States - 10 - Coal, lignite and peat, million US dollars (CEPII/CHELEM-TRADE-ISIC/SVK.USA.CAT.10)","Exports from Slovenia to United States - 10 - Coal, lignite and peat, million US dollars (CEPII/CHELEM-TRADE-ISIC/SVN.USA.CAT.10)","Exports from Sweden to United States - 10 - Coal, lignite and peat, million US dollars (CEPII/CHELEM-TRADE-ISIC/SWE.USA.CAT.10)","Exports from Thailand to United States - 10 - Coal, lignite and peat, million US dollars (CEPII/CHELEM-TRADE-ISIC/THA.USA.CAT.10)","Exports from Tunisia to United States - 10 - Coal, lignite and peat, million US dollars (CEPII/CHELEM-TRADE-ISIC/TUN.USA.CAT.10)","Exports from Turkey to United States - 10 - Coal, lignite and peat, million US dollars (CEPII/CHELEM-TRADE-ISIC/TUR.USA.CAT.10)","Exports from Taiwan to United States - 10 - Coal, lignite and peat, million US dollars (CEPII/CHELEM-TRADE-ISIC/TWN.USA.CAT.10)","Exports from European Union to United States - 10 - Coal, lignite and peat, million US dollars (CEPII/CHELEM-TRADE-ISIC/UE.USA.CAT.10)","Exports from Ukraine to United States - 10 - Coal, lignite and peat, million US dollars (CEPII/CHELEM-TRADE-ISIC/UKR.USA.CAT.10)","Exports from Uruguay to United States - 10 - Coal, lignite and peat, million US dollars (CEPII/CHELEM-TRADE-ISIC/URY.USA.CAT.10)","Exports from United States to United States - 10 - Coal, lignite and peat, million US dollars (CEPII/CHELEM-TRADE-ISIC/USA.USA.CAT.10)","Exports from Venezuela to United States - 10 - Coal, lignite and peat, million US dollars (CEPII/CHELEM-TRADE-ISIC/VEN.USA.CAT.10)","Exports from Viet Nam to United States - 10 - Coal, lignite and peat, million US dollars (CEPII/CHELEM-TRADE-ISIC/VNM.USA.CAT.10)","Exports from World to United States - 10 - Coal, lignite and peat, million US dollars (CEPII/CHELEM-TRADE-ISIC/WLD.USA.CAT.10)","Exports from Not specified to United States - 10 - Coal, lignite and peat, million US dollars (CEPII/CHELEM-TRADE-ISIC/XXX.USA.CAT.10)","Exports from Former Yugoslavia to United States - 10 - Coal, lignite and peat, million US dollars (CEPII/CHELEM-TRADE-ISIC/YUG.USA.CAT.10)","Exports from South Africa (SACU) to United States - 10 - Coal, lignite and peat, million US dollars (CEPII/CHELEM-TRADE-ISIC/ZAF.USA.CAT.10)"
1967,0,0,0,0.001953981,0.001899,0,0,0,12.61110713,12.61110713,0,0.001845579,0,0,12.61437133,0,0,0.003264195,0,0.001418616,0,0,0,0,0,0,0,0,0,0,0,0,0,12.60964513,0,0,0,0,0,0,0,0.001899,0,0,0,0,6.408938554,19.51538739,0.101255169,0,6.866619607,0,0,0.001462,0.208852,0,0,0.035803475,7.111275082,6.623147227,0.032059259,0,19.68984293,19.02042926,0,0,0,0,0,0,0,0,0,0,0.135597072,0,5.50E-05,0,0.001845579,0,0,0,0,0,0,0,0,0,0,5.50E-05,5.50E-05,0,0.001462,0,0,0,0,0,0.046552343,0.035803475,0.311335114,0,19.72570139,0.001418616,0,0,0.212213,0,0,0,5.50E-05,0.208852,0,0,0,0,0,0,0,0,0,0,0.142217211,0,0,0,0,7.075471607,0,0,0,0,0,19.72760039,0,0,0
1968,0,0,0,0,0,0,0,0.250029,13.51330992,13.25978092,0.253529,7.39E-05,0,0,13.26254706,0,0,0.002766137,0,0.002692226,0,0,0,0,0,0,0,0,0,0.0035,0.0035,0,0,13.25978092,0,0,0,0.00026051,0,0,0,0,0,0,0,0,0.90115012,14.24112747,0.005532813,0,0.978319899,0,0,0,0.227875,0,0,0.00026051,1.206455409,0.940957751,0,0,14.47224196,14.16463323,0,0.003628269,0,0,0,0,0,0,0,0,0.025085818,0,0,0,7.39E-05,0,0,0,0,0,0,0,0,0,0,0,0,0.0035,0,0,0,0,0,0,0.014721813,0,0.033733879,0,14.46900247,0.002692226,0,0,0.481404,0,0,0,0,0.227875,0,0,0,0,0,0,0,0,0,0,0.028201065,0,0,0,0,1.206194899,0,0,0,0,0,14.72338047,0.000849,0,0
1969,0,0,0,0.001928,0.001928,0,0,0,13.43441952,13.43441952,0,0.005149194,0,0,13.43956871,0,0,0.008049194,0.0029,0,0,0,0.242895285,0,0,0,0,0.282294194,0,0,0.0029,0,0,13.43441952,0,0,0,0,0,0,0,0,0,0.00175,0,0.000647449,26.12144574,40.69474409,0.026532753,0,27.2545916,0,0,0.001928,0.128986,0,0,0.000583784,27.38416138,26.66582903,0,0,40.82707531,39.80751943,0,0.247403974,0,0,0,0,0,0,0,0.0029,0.145803289,0,0,0,0.004250194,0,0,0,0,0,0,0,0.039398909,0,0,0,0,0,0,0,0,0,0,0,0.114909373,0.000583784,0.343044927,0,40.82283109,0,0,0,0.133814,0,0,0,0,0.127236,0.000273881,0,0,0,0,0,0,0,0.001102551,0,0.31592839,0,0,0,0.000899,27.3835776,0,0,0,0,0,40.82928109,0.000723,0,0.001928
1970,0,0,0,0,0,0,0,0,13.07228638,13.07228638,0,0.429577805,0,0,13.50186418,0,0,0.433887805,0.00431,0,0,0,0.009981829,0,0,0,0,0.009989753,0,0,0.00431,0,0,13.07129838,0,0,0,0,0,0,0,0,0,0,0,0,17.58395827,31.71878981,0.016277524,0,18.21770353,0,0,0.000988,0.08808,0.088444284,0,0.000210095,18.30599362,17.75545543,0.008654264,0,31.81195771,30.91943165,0,0.22572919,0,0,0,0,0,0,0,0.00431,0.064408863,0,0,0,0.038445813,0,0,0,0.391131992,0,0,0,7.92E-06,0,0,0.088444284,0,0,0.000988,0,0,0,0,0,0,0.000210095,0.245383267,0,31.80785781,0,0,0,0.093378,0,0,0,0,0.08808,0,0,0,0,0,0,0,0,0,0,0.220241383,0,0,0,0,18.30578353,0,0,0,0,0,31.81281581,0.000648,0,0
1971,0,0,0,0.433856,0.433856,0,0,0,15.10812153,15.10732253,0.000799,0.000223372,0,0,15.10754591,0,0,0.002965372,0.002742,0,0,0,0,0,0,0,0,0,0,0,0.002742,0,0,15.10316653,0,0,0,0,0,0,0,0,0.000799,0,0,0,1.522227553,16.82846513,0.000544233,0,1.725075223,0,0,0.438811,0.120938,0,0,0,1.846013223,1.532098107,0,0.00054845,17.39015713,16.63639008,0,0.01022417,0,0,0,0,0,0,0,0.002742,0.002365159,0,0,0,0.000223372,0,0,0,0,0,0,0,0,0,0,0.00054845,0,0,0.004156,0,0,0,0,0,0.006956945,0,0.182752946,0,16.95355913,0,0,0,0.562491,0,0,0,0,0.120938,0,0,0,0,0,0,0,0,0,0,0.182208713,0,0,0,0,1.846013223,0,0,0,0,0,17.39095613,0,0,0.433856
1972,0,0,0,0.018218,0.018218,0,0,0,16.67223317,16.67223317,0,0.006564952,0,0,16.7157101,0,0,0.043069144,0,0.036504192,0,0.001879106,0,0,0,0,9.74E-05,0,0,0,0.000407792,0,0,16.67223317,1.44E-06,0,0.000519894,0,0,0,0,0,0,0,0,0,0.56595427,17.28752738,0.000511087,0,0.572221999,0,0,0.018218,0.171537106,0,0.000773975,3.07E-06,0.744282069,0.569016966,0,0.000459167,17.47712021,17.2488293,0,0.003776949,0,0,0,0,0,0,0,0,0.000219187,0,0,0,0.005997952,0,0,0,0,0,0,0.000822284,0,0.000282847,0,0.000459167,0,0,0,0,0,0,0,0,0.000505236,3.07E-06,0.00131026,0,17.45739236,0.036504192,0,0,0.190275,0,0,0,0,0.169658,0,0,0,0.000407792,0,0,0,0.002399,0,0,0.000796103,0,0,0,0.000567,0.743759105,1.33E-05,0,0,0,0,17.47780238,0,0,0.018218
1973,0.00121,0,0,0,0,0,0,0.001033,20.8549471,20.8539141,0.001033,0.000378408,0,0,20.86015584,0,0.00121,0.005395389,0,0.003802717,0,0.003899987,0,0,0,0,0.000202082,0,0,0,0.000846351,0,0,20.8539141,2.98E-06,0,0.001079013,0,0,0,0,0,0,0,0,0,0.98643813,21.84796848,0,0,0.989864338,0,0,0.00121,0.135300987,0,0.001606346,4.65E-06,1.12624899,0.993051823,0,0,21.9841069,21.84228949,0,0.000712501,0,0,0,0,0,0,0,0,0.001218843,0,0,0,0.000378408,0,0,0,0,0,0,0.001706608,0,0.000587034,0,0,0,0,0,0,0,0,0,0,0.001494863,4.65E-06,4.65E-06,4.26E-06,21.98097582,0.003806981,0,0,0.138623,0,0,0,0,0.131401,0,0,0,0.000846351,0,0,0,0.004979,0,0,0,0.00121,0,0,0,1.125165324,2.76E-05,0,0,0,0,21.98699148,0.0004,0,0
1974,0,0,0,2.542352899,2.542352899,0,0,0.012371624,31.50114816,31.48877654,0.012371624,0.005070742,0,0,33.20432067,0,0,1.716184615,0.000640487,1.710473386,0,0,0.025051474,0,0,0,0,0.029114957,0,0,0.000640487,0,0,31.48877654,0,0,0,0,0,0,0,0,0,0,0,0,17.9270965,54.57752963,0,0,21.37318919,0,0,2.542352899,5.491424125,0,0,1.98E-05,26.86463308,21.00109548,0.002198746,0.051791323,62.61192736,49.84468662,0,0.371951513,0,0,0,0,0,0,0,0.000640487,2.35E-06,0,0,0,0.005070742,0,0,0,0,0,0,0,0.004063483,0,0,0.051791323,0,0,0,0,0,0,0,0,2.990891605,1.98E-05,0.00236071,0,60.06895375,1.710473386,0,0,8.046789133,0,0,0,0,5.491424125,0,0,0,0,0,0,0,0,0,0,0.000142191,0,0,0,0,26.86461331,0,0,0,0,0,62.62524251,0.000923754,0,2.542352899
1975,0,0,0,4.189140594,4.189140594,0,0,0.002232532,26.88603893,26.88380639,0.002232532,0.000478644,0,0,28.2297805,0,0,1.345974104,0,1.34549546,0,0,0,0,0,1.85E-05,0,0,0,0,0,0,0,26.8811799,0,0,0,0,0,0,0,0,0,0,0,0,3.720406944,32.08876057,0,0,3.861606567,0,0,4.191767088,2.049196833,0,0,0.000263854,5.911067254,3.860814381,0,0.125170535,38.32972449,30.72793638,0,0.000700362,0,0,0,0,2.20E-07,0,0,0,1.19E-05,0,0,0,0.000478644,0,0,0,0,0,0,0,0,0,0,0.125982809,0,0,0.002626494,0,0,0,0,0,0.014676752,0,0.000640026,0,34.14058368,1.34549546,0,0,6.243460308,0,0,0,0,2.048648413,0,0,0,0,0,0.000245402,0,0,0,0.000548201,0.000640026,0,0,0,0,5.910803401,0,0,0,0,0,38.33293111,0.000710234,0.000812274,4.189140594
1976,7.91E-05,0,0,6.469301196,6.469301196,0,0,0,28.47186197,28.46416419,0.007697786,0.001691417,0,0,28.47404257,0,7.91E-05,0.001964147,0,0,0,0.000997406,0,0,0,1.04E-05,5.17E-05,0,0,0,0.000714775,0,0,28.46416419,7.63E-07,0,0.000275953,9.11E-05,0.007697786,0.000498324,0,0,0,0,0,0,0.396278731,28.88212418,0,0,0.400762864,0,0,6.476998982,5.815253298,0,0.000410816,0.015880058,6.232172173,0.400377906,0.001886581,0,41.15138941,28.86193355,0,0.000463053,0,0,0,0,1.24E-07,0,0,0,5.06E-05,0,0,0.000113573,0.000697556,0,0,0,0.000495536,0,0,0.000436458,0,0.000150132,0,0.000571495,0,0,0,0,0,0,0,0,0.000741979,0.015640254,0.018755196,0.00019365,34.70440947,0.00019365,0,0,12.29317531,0,0,0,0,5.813946718,0,0,0,0.000216451,0,0.000138346,7.91E-05,0.001273359,0,0.00030905,0.001228361,0,0,0,0,6.216016162,7.06E-06,0,0,0,0,41.17529949,0,0.000457923,6.469301196
1977,0,0,0,8.85001779,8.849038278,0,0,0.000987438,30.77882227,30.77783483,0.000987438,0.649701052,0,0,33.40809536,0,0,2.630049726,0,1.980348674,0,0.000971397,0,0,0,0,5.03E-05,0,0,0,0.649135483,0,0,30.77783483,7.43E-07,0,0.000268757,0,0,0.648924676,0,0,0,0,0,0,15.23111345,48.01966311,0.000293912,0,15.24757866,0,0,8.849038278,6.858374486,0,0.000400104,0.013124573,22.11934648,15.23689417,0.003525011,0,64.36308678,46.01525081,0,0.004634956,0,0,0,0,0,0,0,0,8.96E-05,0,0,0.000680392,0.000776376,0,0,0,0,0,0,0.000425077,0,0.000146217,0,0.001659904,0.000979513,0,0,0,0,0.000979513,0,0,0.00051428,0.013124573,0.023670519,0,54.8774663,1.980348674,0,0,16.35857315,0,0,0,0.000979513,6.857403089,0,0,0,0.000210807,0,0,0,0.001240154,0,0,0.006727023,0,0,0,0,22.10595315,6.87E-06,0,0,0,0,64.37985823,0.001621973,0,8.849038278
1978,0,0,0,24.30617573,24.30564739,0,0,0,21.62347634,21.62347634,0,0.06495763,0,0,65.65572847,0,0,44.03225213,0,43.95947975,0,0,0,0,0,0,0,0,0,0,0,0,0,21.62214659,0,0,0,0.000884959,0,0,0,0,0,0,0,0,5.43646776,75.9812582,0,0,10.32597452,0,0,24.30697714,17.83737701,0,0,0.000884959,28.16423649,10.28469651,0.00553944,0,118.1071119,27.09319818,0,0.015843919,0,0,0,0,0,0,0,0,0.001524886,0,0,0,0.018739904,0,0,0,0.036416933,0,0,0,0,0,0,0.000528335,0.000528335,0,0.001329746,0,0,0.000528335,0,0,4.841164421,0,0.030973534,0.00781475,93.81016417,43.9672945,0,0,42.14488249,0,0,0,0.000528335,17.83737701,0,0,0,0,0,0,0,0,0,0,0.025434094,0,0,0,0.009800793,28.16335153,0,0,0,0,0,118.1266146,0.00047394,0,24.30564739
1979,0,0,0,25.44971122,25.44971122,0,0,0,25.33914011,25.33914011,0,0.000577121,0,0,31.76436765,0,0,6.425227541,0,6.42465042,0.033221048,0,2.435893589,0,0,0,0,2.831008501,0,0,0.000577121,0,0,25.33125665,0,0,0,0,0,0.000577121,0,0,0,0,0,0,0.279904294,34.9979287,0,0,3.242021636,0,0,25.45759468,19.45386275,0,0,0,22.69588438,3.167324585,0,0.001128247,79.90996325,25.65685549,0,0.044566302,0,0,0,0,0,0,0,0,0.014438644,0,0,0,0,0,0,0,0,0,0,0,0.395114913,0,0,0.001128247,0,0,0.007883465,0,0,0,0,0,0.007623851,0,0.030130748,0,54.45967491,6.42465042,0,0,44.91203455,0,0,0,0,19.45386275,0,0,0,0,0,0,0,0,0,0,0.030130748,0,0,0,0,22.69588438,0,0,0,0,0,79.91054019,0.000576933,0,25.44971122
1980,0,0,0.010116964,18.40382818,18.39371122,0,0,0,26.33814445,26.33606766,0.002076796,9.67E-07,0,0,28.51257956,0,0,2.176511898,0,2.176510932,0,0,0.094982582,0,0.001654902,0,0,0.110389263,0,0.002076796,0.002076796,0,0,26.33186083,0,0,0,0,0,0,0,0,0,0,0,0,0.174360188,28.90460408,0,0,0.385954872,0,0,18.39791805,9.834508235,0,0,0.010276485,10.23073959,0.309340239,0,0,57.12882971,26.51472532,0,0.007086176,0,0,0,9.67E-07,0,0,0,0,0.008473171,0,0,0.001418133,0,0,0,0,0,0,0,0,0.015406681,0,0.010116964,0.011535097,0.010116964,0.002076796,0.004206832,0,0,0,0,0,0.014699484,0.010276485,0.079804943,0,38.74166328,2.176510932,0,0,28.24462005,0,0,0,0,9.832853333,0,0,0,0,0,0,0,0,0,0,0.069528458,0,0,0,0,10.22046311,0,0,0,0,0,57.15016854,0.00094441,0,18.39371122
1981,0.000871959,0,0,21.00289005,21.00289005,0,0,0.000508303,27.09838041,27.08095605,0.017424361,0.000448311,0,0,27.88154079,0,0.000871959,0.800584737,0,0.799264467,0.000916862,0,0.047852717,0,0,0,0,0.055614682,0,0.016916058,0.016916058,0,0,27.07769933,0,0,0,0,0,0,0,0,0,0,0,0,0.065350426,28.15152469,0.000708058,0,0.206901406,0,0,21.00701873,1.360969531,0,0,0.067211172,1.635082109,0.196989128,0.006654178,0.003129375,50.46799469,27.1466705,0,0.000394244,0,0,0,0,0,0,0,0,0,0,0,0,9.71E-05,0,0,0,0,0,0,0,0.007761966,0,0,0.003129375,0,0.016916058,0.003256719,0,0,0,0,0,0.065323605,0.067211172,0.083383384,0,29.51539975,0.799264467,0,0,22.38541262,0,0.000871959,0,0,1.360969531,0,0,0,0,0,0,0,0,0,0,0.008809977,0,0,0,0.000351187,1.567870937,0,0,0,0,0,50.53693731,0,0,21.00289005
1982,0,0,0,17.04538929,17.04538929,0,0,0,26.30054146,26.29782958,0.002711876,3.89E-05,0,0,27.25269818,0.001083223,0,0.953239949,0,0.953201012,0,0,0,0,0,0,0,0,0,0,0,0,0,26.27171416,0,0,0,0,0.001628652,0,0,0,0,0,0,0,0.095227234,27.45468941,0,0,0.185669632,0,0,17.07421658,0,0,0,0.044065675,0.229735307,0.148627804,0,0.050054921,44.48321167,26.44098287,0,0.023421113,0,0,0,0,0,0,0,0,0.002000477,0,0,0.000526506,3.89E-05,0,0,0,0,0,0,0,0,0,0,0.050581427,0,0.001083223,0.026115423,0,0,0,0,0,0.000818666,0.044065675,0.05768639,0,27.48243349,0.953201012,0,0,17.07421658,0,0,0,0,0,0,0,0,0,0,0,0,0,0,0,0.013620715,0,0,0,0,0.185669632,0,0,0,0,0,44.52930554,0.00039954,0,17.04538929
1983,0,0,0,21.96200504,21.96200504,0,0,0,43.8217283,35.21772075,8.60400755,0.794489555,0,0,37.48562496,0,0,2.267904208,0,1.472535724,0,0,0,0,0,0,0,0,0,0.000485031,0.01057581,0,0,35.18994091,0,0,0,3.40E-05,0,0.010090778,0,0,8.603522519,0,0,0,0.085097258,37.75334739,0,0,0.305559018,0,0,30.5933074,0,0.000545935,0,3.40E-05,0.305593044,0.149403416,0.002966016,0.009420945,59.75279513,35.30132675,0,0.016755687,0,0,0,0,0,0,0,0,0.047276431,0,0,0,0.000111944,0,0,0,0.784286832,0,0,0,0,0,0,0.00996688,0,0.000485031,0.027779841,0,0,0,0,0,0.004096831,0,0.142365931,0.00087893,37.78112723,1.473414653,0,0,30.60388321,0,0,0,0,0,0,0,0,0,0,0,0,0,0,0,0.139399916,0,0,0,0,0.305559018,0,0,0,0,0,68.35759638,0.000365779,0,21.96200504
1984,0.004739565,0,0,19.59942497,19.59942497,0,0,0,51.66596208,42.00138075,9.664581333,0.005688474,0,0,43.23746567,0,0.004739565,1.23608492,0,1.220386183,0,0,0.000297418,0,0,0,0,0.000297654,0,0,0.001942162,0,0,42.00138075,0,0,0,0,0,0.001942162,0,0,9.664581333,0,0,0,0.033851138,43.329332,0.019716728,0,0.098548062,0,0,29.26874587,3.242913037,0,0,0,3.341461098,0.068668034,0.005243024,0.000631411,66.17308104,42.05001191,0,0.008722718,0,0,0,0,0,0,0.004739565,0,0.013498138,0,0,0.001679587,0.003746312,0,0,0,0,0,0,0,2.36E-07,0,0,0.002310998,0,0,0,0,0,0,0,0,0.013467083,0,0.026400334,0.005270698,46.57224504,1.225656881,0,0,32.51360107,0,0,0,0,3.242913037,0,0,0,0,0,0,0,0,0,0,0.001440582,0,0,0,0,3.341461098,0,0,0,0,0,75.84323521,0.00030214,0,19.59942497
1985,0,0,0.001113662,31.80771685,31.80660319,0,0,0.003656479,72.43955801,49.43396486,23.00559316,0.00612402,0.000968205,0.001805298,51.73361745,2.255299257,0,2.302065608,0.002773503,2.293168085,0,0.001661127,0,0,0,0,8.61E-05,0,0,0,0.001712864,0,0,49.40763091,1.27E-06,0,0.000459586,0,0,0.001352377,0,0,20.74663742,0,0,0,0.011731285,53.11285463,0.009985328,0,1.402113631,0,0,54.82555799,0.001661127,0,0.000684193,0.005170359,1.409404703,1.368452502,0.016237539,0.007185859,87.18997884,49.46592587,0.002587088,0.025336928,0,0,0,0,0,0,0,0,0.011325324,0,0,0.008908748,0.004771643,0,0,0,0,0,0,0.000726898,0,0.000250036,0.001113662,0.01720827,0.001113662,2.255299257,0.026333941,0,0,0,0,0.006728728,1.311402619,0.005170359,0.031393225,0,53.13987277,2.293168085,0.006728728,0,54.84408524,0,0,0.001805298,0,0,0,0,0,0.000360488,0,0,0,0.002120713,0,0,0,0,0,0,0,1.403774758,1.18E-05,0,0,0,0,107.9587452,0,0,31.79728737
1986,0.020869158,0,0.001059202,39.33398805,39.33292885,0,0,0.004389482,85.19098047,58.90987318,26.28110729,0.004178848,0,0,59.8247293,1.08695346,0.020869158,0.909370315,0,0.873631827,0,0,0.016060479,0,0,0,0,0.018665574,0,0,0.004178848,0,0,58.90096797,0,0,0,0,0,0.004178848,0,0.002669462,25.18427855,0,0,0,0.020420042,59.94013306,0,0,0.154842784,0,0,65.63038372,0,0,0,0,0.154842784,0.141170732,0.014374289,0.026825054,100.3797266,58.96933804,0.000882043,0.009015636,0,0,0,0,0,0,0.020869158,0,0.012022554,0,0,0.012109335,0,0,0,0,0,0,0,0,0.002605095,0,0.001059202,0.039993592,0.001059202,1.08695346,0.008905214,0,0,0,0,0,0.036753883,0,0.019030705,0.010690483,59.94903828,0.88432231,0,0,65.64904855,0.005485798,0,0,0,0,0,0,0,0,0,0,0,0,0,0,0.004656416,0,0,0,0,0.154842784,0,0,0,0,0,125.5891816,0,0,39.32937734
1987,0.004839723,0,0.002153873,0.005059766,0.002905893,0,0,0.001343033,100.6569845,68.14303212,32.5139524,0.000875433,0,0,74.95753478,0,0.004839723,6.814502665,0,6.79435002,0,0,0.002134785,0,0,0,0,0.00213648,0,0,0.000769539,0,0,67.24749262,0,0,0,0,0,0.000769539,0,0.002905893,31.4841324,0,0,0,0.014079699,75.23399659,0.002067253,0,1.177610566,0,0,32.38451162,0,0.001965346,0,0,1.177610566,0.99720263,0.000640201,0,76.11586814,67.43682931,0,0.17455886,0,0,0,0,0,0,0,0,0.005644888,0,0,0.000592235,0.000105894,0,0,0,0,0,0,0,1.69E-06,0,0.002153873,0.004711455,0.002153873,1.028476959,0.895539493,0,0,0,0,0,0.97214378,0,0.006489277,0.014437489,76.12953609,6.80878751,1.028476959,0,33.42016092,0,0.004839723,0,0,0,0,0,0,0,0,0,0,0,0,0,0.003781823,0,0,0,0,1.177610566,0,0,0,1.028476959,0,108.6541575,0,0,0
1988,0,0,0,0.006404416,0.006404416,0,0,0,134.5563577,96.51318906,38.04316863,0.157770024,0,0,98.8267942,0,0,2.313605135,0,2.15583511,0.001660116,0,0,0,0,0,0,0,0,0,0,0,0,95.30400683,0,0,0,0.00089917,0,0,0,0.006404416,32.4989511,0,0,0,0.027985913,99.60779332,0.004410089,0,1.989282187,0,0,33.70813334,0,0.0139767,0,0.00089917,1.990181357,1.899501625,0.004120552,0,100.8160764,97.38776646,0,0.084394965,0,0,0,0,0,0,0,0,0.005666248,0,0,1.813608724,0.157770024,0,0,0,0,0,0,0,0,0,0,1.827585425,0,5.544217529,1.209182231,0,0,0,0,0,0.032483372,0,0.009506149,0,100.8169756,2.15583511,5.544217529,0,39.25875528,0,0,0,0,0,0,0,0,0,0,0,0,0,0,0,0.000975509,0,0,0,0,1.989282187,0,0,0,5.544217529,0,138.8665486,0,0,0
1989,0,0,0,0,0,0,0,0,170.1434878,114.0921259,56.05136188,2.874770767,0,0,118.1590431,0.018040899,0,4.066917205,0,1.191695758,0.004754314,0,0.205787951,0,0,0,0,0.239167852,0,0,2.872689816,0,0,112.4688104,0,0,0,0,0,2.872689816,0,0,44.08854271,0,0,0,0.030087064,114.6604153,0,0,0.981455582,0,0,45.7298991,0,0,0,0.015921998,0.99737758,0.949897353,0.001881068,0.015570007,119.1580889,112.5482547,0,0.031558229,0,0,0.000143243,0,0,0,0,0,0.098262165,0,0,0.002229063,0,0,0,0,0.002080951,0,0,0,0.033379902,0,0,0.017942314,0,11.96281917,1.623315492,0,0,0,0,0,0.557802576,0.015921998,0.017803066,0.000450679,116.2837308,1.192146438,11.94477827,0,60.54736719,0,0,0,0,0,0,0,0,0,0,0,0,0,0,0,0,0,0,0,0,0.981455582,0,0,0,11.94477827,0,175.2077825,0,0,0
1990,0,0,0,0,0,0,0,0,193.4967686,133.4058749,60.09089364,0.001887878,0,0,134.2976373,0,0,0.891537418,0,0.885348015,0.000378727,0.001036419,0,0,0,0,5.37E-05,0,0,0,0.000224917,0,0,133.1615194,7.92E-07,0,0.000286747,0,0,0,0,0,49.53767242,0,0,0,0.004470604,135.2853821,0.030284665,0,1.196650339,0,0,49.78202801,0.001036419,0,0.000426885,0.035674991,1.233648495,0.884425579,0,0.003813574,135.4910225,134.2546749,0,0.282479249,0,0,0.000182898,0,0,0,0,0,0.074264076,0,0,0.800279281,0.001887878,0,0,0,0,0,0,0.00045353,0,0.000156004,0,0.804275753,0,10.55322122,0.244355593,0,0,0,0,0,0,0.035674991,0.06645692,0.004301525,135.5301646,0.88964954,10.55322122,0,60.3365724,0,0,0,0,0,0,0,0,0.000224917,0,0,0,0.001323165,0,0,0.000497265,0,0,0,0,1.197686758,7.33E-06,0,0,10.55322122,0,195.6219545,0,0,0
1991,0.67138988,0,0,0,0,0,0,0.003915036,219.0560408,141.2051411,77.85089969,0.023821214,0,0,143.1446402,0,0.67138988,1.939499118,0,1.244288024,0,0,0,0,0,0,0,0,0,0,0.022943231,0,0,141.2051411,0,0,0,0,0,0.022943231,0,0,57.43932167,0.004339823,0,0.004152086,0.010123246,142.8070245,0.002959684,0,0.350565252,0,0,58.11071155,0.004339823,0,0,0.006152126,0.3610572,0.227730227,0,0,143.4972548,141.3353883,0,0.11924597,0,0,0,0,0,0,0.6690994,0,0.044893467,0,0,0,0.000877983,0,0,0,0,0,0,0,0,0,0,0,0,20.40766299,0,0,0,0,0,0,0.172525776,0.006152126,0.009928918,0,142.8113643,1.244288024,20.40766299,0,78.54957262,0,0,0,0,0,0,0,0,0,0,0,0,0,0.000187738,0,0.000817108,0.00229048,0,0,0,0.354905075,0,0,0,20.40766299,0,221.3565971,0,0,0
1992,10.54547016,0,0,0.298008606,0.298008606,0,0,0,238.0866265,162.8021376,75.28448889,0.317064029,0,0,176.7387058,0,10.54547016,15.37227831,1.435710051,3.068359622,0,0,0.006745901,0,0,0,0,0.006751256,0,0,1.74964283,0,0,162.8021376,0,0,0,0,0,0.316140592,0,0,55.41130005,0,0,0,0.005337331,166.0332258,0,0,0.132131882,0,0,66.25697558,0.087174627,0,0,0.023987789,0.243294298,0.114722006,0.000433565,0.007655566,176.8171417,162.8330438,0,0.017409877,0,0,0.001501656,0,0,0,8.678763148,1.433502238,0.088854678,0,0,0,0.000503463,0,0,0,0.000419974,0,0.002207813,0,5.36E-06,0,0,0.009157221,0,19.87318883,0,0,0,0,1.866695956,0,0.004187954,0.023987789,0.024421354,0.005674449,166.1203894,3.074034071,19.87318883,0,87.96698187,0,0,0,0,0.087174627,0,0,0,0,0,0,1.11E-05,0,0,0,0,0,0,0,0,0.219306509,0,0,0,19.87318883,0,254.0002077,0,0,0.298008606
1993,22.77266399,0,0,1.524570132,1.524570132,0,0,0.002778479,321.9670454,171.6914831,150.2755624,0.10609485,0,0,197.2577836,0,22.77266399,25.56630054,0,2.390500179,0,0,0,0,0,0,0,0,0,0,0.104788521,0,0,171.6038322,0,0,0,0,0,0.104788521,0,0,111.7712999,0,0,0,0.017104271,174.5017382,0.001345961,0,0.195247014,0,0,136.1561848,0.001466884,0.000171437,0,0.013810893,0.210524791,0.170430614,0.061018926,0,198.6820261,171.649745,0,0.02347044,0,0,0,0,0,0,22.77266399,0,0.057210916,0,0,0.004222265,0.001115741,0,0,0,0.000190587,0,0,0,0,0,0,0.004393703,0,38.50148402,0.08765084,0,0,0,0,0,0.030702798,0.013810893,0.07617578,0.297041522,174.5908559,2.687541701,38.50148402,0,174.7667027,0,0,0,0,0.001466884,0,0,0,0,0,0,0,0,0,0,0,0,0,0,0,0.196713898,0,0,0,38.50148402,0,349.2684409,0,0,1.524570132
1994,33.39085757,0,0,4.228448513,4.224890653,0,0,0,326.2837442,184.6012255,141.6825186,0.457942291,0,0,221.0936843,0,33.39085757,36.50324515,0.01078639,2.195930854,0,0,0,0,0,0,0,0,0,0,0.456201466,0,0,184.5730733,0,0,0,0,0,0.456201466,0,0,92.75911201,0,0,0,0.016877467,187.5948364,0.003539271,0,0.362540852,0,0,130.4137989,0.002990374,0,0,0.010264719,0.375795944,0.315435712,0.163104138,0,224.1429278,184.6505396,0,0.043565868,0,0,0,0,0,0,32.29740729,0,0.118427632,0,0.003557861,0.015282122,0.001740825,0,0,0,0,0,0.01078639,0,0,0,0,0.018839982,0.003557861,48.92340661,0.02815226,0,0,0,0,0,0.001744354,0.010264719,0.176908128,0.447728046,187.6259791,2.6436589,48.92340661,0,179.7963973,0,0,0,0.003557861,0.002990374,0,0,0,0,0,0,0,0,0,0,0,0,0,0,0,0.365531226,0,0,0,48.92340661,1.093450281,367.3912338,0,0,4.224890653
1995,28.96111491,0,0,0.003905152,0.001965668,0,0,1.721101553,334.4522545,187.4950417,146.9572128,0.084488978,0,0,222.5696731,0,28.96111491,35.14523665,0.070605259,4.011207521,0,0,0,0,0,0,0,0,0,0,0.083228899,0,0,187.4546784,0,0,0,0,0,0.083228899,0,0,81.91979665,0,0,0,0.017906606,193.8820832,0.073316979,0,0.359998717,0,0,110.9938458,0,0,0,0.037118474,0.397117191,0.148698566,0.000648006,0,220.9138175,187.6118283,0,0.137983173,0,0,0,0,0,0,28.96111491,0,0.128083124,0,0,0,0.001260079,0,0,0,0,0,0.070605259,0,0,0,0,0.001939485,0.001939485,63.3163146,0.040363302,0,0,0.001939485,0,0,0.00206083,0.037118474,0.111083459,2.01781999,193.9224465,6.029027512,63.3163146,0,176.1164303,0,0,0,0.001939485,0,0,0,0,0,0,0,0,0,0,0,0,0,0,0,0,0.359998717,0,0,0,63.3163146,0,369.9985135,0,0,0.001965668
1996,45.25146577,0,0,0,0,0,0,0,323.9697251,190.4687198,133.5010053,0.000773135,0,0,239.0399905,0,45.25146577,48.68818886,0.116918153,3.307305575,0,0,0.202922912,0,0,0,0,0.202922912,0,0,0,0,0,190.1895835,0,0,0,0,0,0,0,0,82.82004527,0,0,0,0.025402102,194.2449983,0.073091214,0,0.712651372,0,0,128.4697295,0,0.022025282,0,0.02512253,0.737773902,0.495313474,0,0,239.7430797,190.3595779,0,0.14381917,0,0,0,0,0,0,45.25146577,0,0.242997425,0,0,0,0.000773135,0,0,0,0,0,0.116918153,0,0,0,0,0.024189322,0,50.68096003,0.279136297,0,0,0,0,0,0.001965753,0.02295849,0.096477218,0.011726236,194.5262987,3.319031811,50.68096003,0,179.1506896,0,0,0,0,0,0,0,0,0,0,0,0,0,0,0,0.000427514,0,0,0.00216404,0,0.712651372,0,0,0,50.68096003,0,373.3956879,0,0,0
1997,43.53750401,0,0,0,0,0,0,0,342.8029068,187.4506879,155.3522188,0.33176649,0,0,233.3776737,0.006463828,43.53750401,45.97599942,0.049013667,1.759922114,0,0,0.5983945,0,0,0,0,0.5983945,0,0,0.331766353,0,0,187.4407176,0,0,0,0.003107522,0,0.331766353,0,0,102.8764601,0,0,0,0.007810485,191.8880424,0.086286162,0,1.304537909,0,0,146.4794119,0,0,0,1.085071474,2.389609383,1.011454288,0.033786935,0.017240473,232.3841298,187.6662318,0,0.200463289,0,0,0,0,0,0,41.53075166,0,0.124056372,0,0,0,0,0,0,0,0,0,0.049013667,0,0,0,0,0.017240473,0,52.47575877,0.009970329,0,0,0,0,0,0.230165525,1.081963953,1.208371219,0.297793146,191.8980126,2.057715259,52.46929494,0,199.2804732,0,0,0,0,0,0,0,0,0,0,0,0,0,0,0,0.00633417,0,0,0,1.36E-07,1.304537909,0,0,0,52.46929494,2.006752352,391.1685156,0,0,0
1998,43.81569002,0,0,0.003281205,0,0,0,0,385.4953947,191.3693816,194.1260131,0.387290121,0,0,239.4582722,0,43.81569002,48.05116667,0.010597948,1.635204498,0,0,0.431315963,0,0,0,0,0.431315963,0,0,0.386534756,0,0,191.3220298,0,0,0,0,0.04832187,0.386534756,0,0,111.9481885,0,0,0,0.007933663,196.748999,0.165350037,0,1.552063288,0,0,155.8701502,0,0.214229764,0,0.036561981,1.588625269,0.914525056,0.000654454,0,238.7595965,191.8259516,0,0.472188194,0,0,0,0,0,0,43.81569002,0,0.180131049,0,0,0.023077583,0.000722381,0,0,0,0,0,0.010597948,0,0,0,0,0.240588552,0.003281205,82.12950267,0.047351806,0,0,0.003281205,0,0,0.05718258,0.036561981,0.202566473,2.202384085,196.8446397,3.837588583,82.12950267,0,238.3894688,0,0,0,0.003281205,0,0,0,0,0,0,0,0,0,0,0,0,0,0,0,3.30E-05,1.552063288,0,0,0,82.12950267,0,435.1384678,0,0,0
1999,34.30150452,0,0,0.008559248,0,0,0,0,397.5616913,193.4105434,204.1511479,1.163826695,0,0,231.3235716,0.029047405,34.30150452,37.92686908,0.075369588,2.375656829,0,0,0.854920164,0,0,0,0,0.854920164,0,0.003583217,1.238591613,0,0,191.7273353,0,0,0.048885298,0,0.012643354,1.155274461,0,0,135.2527318,0,0,0,0.007366569,196.8379065,0.188183979,0,2.68706213,0,0,171.3236561,0,0,0,0.028788557,2.764735985,1.10091273,0.032082947,0,234.0434261,193.1832224,0,1.397965421,0,0,0,0,0,0,34.30150452,0.030848638,0.152228492,0,0,0.001669813,0,0,0,0,0.001020129,0,0.04452095,0,0,0,0,0.010229061,0.008559248,68.88577272,1.683208093,0,0,0.008559248,0,0,0.052644745,0.028788557,0.249055483,0.010511446,198.5262259,2.386168275,68.8531421,0,241.4239491,0,0,0,0.008559248,0,0,0,0,0.048885298,0,0,0,0.048885298,0,0,0,0,0,0,0.007532106,2.68706213,0,0,0,68.8531421,0,438.2618556,0,0,0
2000,27.70381469,0,0,0,0,0,0,0,516.6630722,252.2374574,264.4256148,1.404507516,0,0,283.1834906,0,27.70381469,30.88808968,0.030984674,1.728456921,0,0.14826786,0,0,0,0,0,0,0,0.029676342,1.523491415,0,0,252.0687935,0,0,0.063057351,0,0.025870843,1.399773048,0,0,200.8910469,0,0,0,0.006753549,254.4997297,0.362493973,0,0.636831949,0,0,228.7893963,0.14826786,0,0,0.040586914,0.888744074,0.377497807,0.017106226,0.002336474,283.9783203,252.1965797,0,0.04500083,0,0,0,0,0,0,27.70381469,0.030984674,0.179524195,0,0,0.010637923,0,0,0,0,0,0,0,0,0,0.14826786,0,0.012974397,0,63.50869704,0.168663905,0,0,0,0,0,0.01287158,0.040586914,0.420294312,0.02032588,254.68953,1.748782801,63.4790207,0,293.9401763,0,0,0,0,0,0,0,0,0.063057351,0,0,0,0.211325211,0,0,0.0001072,0,0,0,0.004734468,0.785099809,0,0,0,63.4790207,0,548.439906,0,0,0
2001,34.95629591,0,0.003296598,13.1475978,13.1443012,0.019604617,0,2.734010837,732.3382593,279.9981817,452.3400775,5.483507079,0,0,332.494697,0,34.95629591,45.30748227,0.077013717,3.940659036,0.013739034,0.534962705,0,0,0,0,0,0,0,1.132322376,13.92457166,0,0,279.692479,0.001858943,0,7.251395657,0,0.016510023,5.46569885,0,0,324.0871706,0,0,0,0.006390728,288.8340937,0.206567786,0,3.777766478,0,0.003296598,372.4936725,17.6777706,0.000199837,0,0.555374358,29.26230709,2.234884975,0.031992869,0,367.4106955,288.83041,0,1.871250016,0,0,0,0,0,0,34.95629591,0.077013717,1.645807671,0,0,0,0.010753533,0,0,0,0,0,0,0.005889276,0,0.52907343,0,0.003496435,0.003296598,125.502386,0.305702699,0,0,0,0,0,0.001792132,0.555374358,0.793961419,0.850006527,306.2920596,4.790665563,124.3604444,0,531.2019482,0,0,0.019604617,0,17.14280789,0,0.009619287,0,7.249536715,0,0,0,7.786358362,0,0,2.64E-05,0,0,0,0.007054697,21.45553707,0,0,0,124.3604444,0,820.0556464,0,0,13.12469658
2002,33.73072619,0,0.003242528,2.40575847,2.402515942,0,0,5.18889692,662.1483643,250.1623648,411.9859995,3.87550676,0,0,303.1820329,0.01604909,33.73072619,50.30283465,0.12133939,12.42314007,0,0.779865738,7.53E-05,0,0,0,0,7.53E-05,0,0,6.806322721,0,0,248.8551264,0,0,2.825837063,0,0.012335778,3.875332313,0,0,277.607446,0,0,0,0.008837658,263.0078759,0.247484399,0,1.573365807,0,0.003242528,315.1001565,4.667534394,0.001707208,0,0.008363477,9.07510074,2.021026961,0.0596929,0,311.772667,251.7829087,0,0.084720185,0,0,0,0,0,0,33.71678317,0.105153345,1.160397333,0,0,0.00821302,0.000174447,0,0,0,0,0,0.016186045,0,0,0.779865738,0,0.017579264,0.003242528,129.1773208,1.30723846,0,0,0,0,0,0.002237787,0.003946969,0.311124268,0.152122235,268.2195353,12.57526231,129.1612718,0,460.9241823,0,0,0,0,3.887668656,0,0,0,2.825837063,0,0,0,3.605702801,0,0,0,0,0,0.004416508,0,6.240900201,0,0,0,129.1612718,0.013943022,723.9320582,0,0,2.402515942
2003,61.3025087,0,0,2.41896489,2.392829291,0,0,0.06770462,845.7112736,248.0977954,597.6134782,8.473060956,0,0,327.8475118,0.009004136,61.3025087,76.14760964,0.035983617,4.759570021,0,1.298546329,0.001104111,0,0,0,0,0.001104111,0,0,12.13518641,0,0,248.0977954,0,0,3.627659539,0,0.010430874,8.471543255,0,0,437.3395032,0,0,0,0.029374435,255.6698339,0.338146666,0,1.234464491,1.639845973,0,502.6941514,1.298546329,9.45E-05,0.005186474,2.93E-05,6.160699647,2.141555498,0.073331542,0.00671665,331.2314518,251.825669,0,0.053308655,0,0,0,0,0,0,61.3025087,0.035983617,0.718322815,0,0,0.010814304,0,0,0,0,0.001517702,0,0,0.024282281,0,1.269077573,0,0.043790336,0.026135599,158.5559936,0,0,0,0.026135599,0,0,0.003250818,0,0.411478208,1.576486347,255.6854806,6.336056368,160.1868354,0,674.7687138,0,0,0,0.026135599,0,0,0,0,3.627659539,0,0,0,4.926205868,0,0,0,0,0,2.93E-05,0,2.533010819,0,0,0,158.5469894,0,930.4385478,0,0,2.392829291
2004,53.3245034,0,0.006993654,3.994944066,3.966054255,0,0,0.479504892,1053.558319,311.614226,741.9440931,11.62556715,0,0,403.672223,0,53.3245034,69.29217963,0.043619165,4.277914423,0,3.761118846,0,0,0.004988397,0,0,0,0,0,34.40955239,0,0,311.5783108,0,0,27.50191364,3.54E-05,0.036571385,11.60787116,0,0,564.2244888,0.008265374,0,0.008265374,0.022335175,323.9653204,0.305408184,0,8.070782822,0,0.006993654,622.6898874,8.063871208,0,0.015904194,1.080593081,44.71716075,10.39862208,0.07054395,0.014495057,424.8043535,341.5142469,0,1.125926861,0,0,0,0,0,0,53.30369872,0.028816149,0.52695607,0,5.37E-06,5.982751375,0.017562474,0,0,0,0.000133511,0,0.014803017,0,0,3.745214653,0,7.106693891,0.028889811,177.203528,0.035915188,0,0,0.021890787,0,0,0.020421608,0,0.377896676,0.020575499,329.4320328,4.298489922,177.061259,0,847.5972832,0,0.020804674,0,0.021896157,4.289498591,0,0.142268959,0,22.77286508,0,0,0,31.26303249,0,0,0.001944542,0,0,1.080557648,0,16.13465403,4.729048566,0,0,177.061259,0,1171.562604,0,0,3.966054255
2005,68.85839657,0,0,2.646372106,2.630049916,0,0,0,1511.463261,395.7787127,1115.684549,2.149342167,0.065173498,0,493.5238993,0,68.85839657,76.45647796,0.10445342,3.939995456,0,6.005070446,0,0,0,0,0,0,0,0.077823611,23.61422012,0,0,395.6514136,0,0,23.83063318,5.32E-05,0.020568819,2.147566765,0,0,938.0762325,0.009787005,0,0.009787005,0.013331225,401.6082657,0.063142936,0,0.594352121,0,0,1009.73559,8.882507045,0,0,0.016417014,33.32390936,6.487460791,0.094092196,0.001434535,501.3833961,417.0938453,0,0.04881884,0,0,0,0,0,0,65.94198836,0.01623651,0.366379043,0,2.18E-05,0.004899358,0.001354455,0,0,0,0.000215851,0,0.023043411,0,0,6.005070446,0,0.022656083,0.01632219,177.5877472,0.127299113,0,0,0.01630041,0,0,0.002253989,0.016363826,0.173598958,1.404290343,404.6333652,5.344285799,177.5099236,0,1222.281755,0,0,0,0.01632219,2.867649594,0,0,0,21.37259324,0,0,0,29.83570363,0,0,0,0,0,0,0.000205097,9.476859166,2.458039947,0,0,177.5099236,2.91640821,1623.890021,0,0,2.630049916
2006,88.34430766,0,0,3.29519257,3.293004913,0,0,0.681967414,1775.119211,413.5345299,1361.584681,4.517435386,0,0,560.6111542,0,88.34430766,99.16743134,0.011029856,6.273678688,0.001267533,4.906863086,0,0,0,0,0,0,0,0.077798625,52.46773302,0,0,413.5345299,0,0,47.88698823,0,0.033234573,4.502946167,0,0,1136.036056,0.015849494,0,0.015849494,0.013908779,424.5622,0.220805084,0,2.88224111,0,0,1227.717995,4.922712581,0,0,1.836594502,57.52853642,7.503946704,0.186754684,0.031946237,571.7325254,461.5771845,0,0.064352408,0,0,0,0,0,0,88.34430747,0,1.927051497,0,4.82E-05,0.032168906,0.013289993,0,0,0,0.000666135,0,0.011029856,0.011994862,0,4.894868225,0,0.066664418,0.002187657,224.8334231,0,0,0,0.002139434,0,0,0.403985984,1.836232883,2.243792651,0.020979756,424.6111124,6.294658444,224.7556244,0,1510.548172,0,0,0,0.002187657,0,0,0,0,47.88698823,0,0,1.89E-07,52.79385132,0,0,0,0,0,0.000361619,0.000533091,7.80495369,0,0,0,224.7556244,0,1935.110372,0,0,3.293004913
2007,122.4409307,0,0,1.57E-06,0,0,0,1.73762842,1803.238884,397.6577971,1405.581087,6.994481799,0,0,535.9632964,0.008107254,122.4409307,131.1854239,0.027438971,0.938700349,0,8.420300845,0,0,0,0,0,0,0,0,14.11268597,0,0,397.6577971,0,0,11.57061412,0,0.043775727,6.993902997,0,0,1224.311152,0.020401127,0,0.020401127,0.034642506,401.9445454,0.092327486,0,1.371875311,0,0,1346.816361,8.440701973,0,0.351742085,1.191720153,22.57491156,9.620831224,0.105903893,0,544.9713477,404.9252062,0,0.079017447,0,0,0,0,0,0,122.4409306,0.01504437,1.00414269,0,1.57E-06,0.050010608,0,0,0,0,0.000549167,0,0.012394601,0,0,8.06855876,0,0.050012174,1.57E-06,179.4885305,0,0,0,0,0,0,0.005830681,1.191720153,1.389951532,0.783872177,402.3604347,1.722572526,179.4804232,0,1555.054676,0,0,0,1.57E-06,0,0,0,0,7.103738604,0,0,1.89E-08,19.99091497,0,0,0,0,0,0,2.96E-05,9.812577284,4.466875518,0,0,179.4804232,0,1956.999221,0,0,0
2008,142.6346623,0,0,0.015704303,0.006062095,0,0,0.045279145,2058.804308,441.6560217,1617.148287,12.02695249,0,0.002758744,600.7363747,0.031690663,142.6346623,159.052036,0.015366906,4.354088667,0,10.66679098,0.007127163,0,0,0,0,0.007127163,0,0.010215485,12.05411466,0,0,441.6560217,0,0,6.255725178,0,0.029839176,12.02508114,0,0,1451.439593,0.022078568,0,0.022078568,0.014014949,447.7689949,0.068444061,0,1.489643655,0,0,1594.149494,10.68886955,0.000276702,0.469869054,0.246415084,18.68065347,12.02053337,0.076518421,0.370618576,612.9170359,442.1951839,0,0.029240399,0.007859221,0.007859221,0.000423984,0,0,0,142.6346623,0.004973346,0.763950508,0,0,0.11062782,0.000815736,0,0,0,0.001055614,0,0.007634817,0.29845765,0,9.89846428,0,0.483741247,0.009642209,165.6335749,0,0,0,0.001782988,0,0,0.010184259,0.246403906,0.429583201,0.020965573,448.2907928,4.37505424,165.599528,0,1788.780949,0,0,0.002758744,0.009642209,0,0,0,0,0.013844688,0,0,0,16.92251616,0,0,0.038216813,0,0,1.12E-05,0,12.17851321,6.241880491,0,0,165.5916687,0,2236.552702,0,0,0.006062095
2009,111.9719038,0,0.025365725,0.027783656,0,0,0,0.007996975,1482.499074,346.8003002,1135.698774,3.405687249,0,0,465.2680567,0.024127913,111.9719038,118.5782822,0.146320212,3.031687983,0,7.531959224,0.041382175,0,0.014281452,0,0,0.041382175,0,0,3.493279021,0,0,346.7949633,0,0,2.173089674,0,0.016326511,3.399793818,0,0,1036.045056,0,0,0,0.012940396,353.1516914,0.024866531,0,1.051280986,0,0.025365725,1148.160425,7.546240676,0,0.463234709,2.245187574,13.01579891,8.19611965,0.358974369,0.047644655,473.9049718,346.9612334,0,0.027434451,0,0,0.007256843,0,0,0,111.9521567,0.074017277,0.122333897,0,0,0.055506786,0.00327586,0,0,0,0.002617571,0,0.072302935,0.051010277,0,7.017714238,0,0.138196787,0.027783656,99.62939433,0.005336949,0,0,0.002417931,0,0,0.018121306,2.245182726,2.963843205,0.02268298,353.6365944,3.054370963,99.60526641,0,1260.969248,0,0,0,0.002417931,0,0,0,0,0.019467926,0,0,0,9.705048898,0,0,0.334819579,0.00940328,0,4.85E-06,0,8.597521663,2.153621747,0,0,99.60526641,0.010343749,1614.120939,0,0,0
2010,95.97982626,0,0.017574534,0.022259039,0,0,0,3.120483908,1422.272725,496.4714724,925.8012524,10.77467268,0,0,612.533111,0.034029791,95.97982626,116.1751118,0.226377909,9.178961005,0,6.766153655,0.124596426,0,0.004443892,0,0,0.124596426,0,0.015990504,11.00800712,0,0,496.4714724,0,0,5.070816343,0,0.100473091,10.75542607,0,0,883.5467047,0,0,0,0.01422073,509.0459314,0.038212965,0,1.967688315,0,0.017574534,979.6808274,6.770597547,0.000589457,0.495492292,1.393289127,15.20239133,7.61929336,0.109095631,0,621.3324429,496.9970407,0,0.421015902,0,0,0,0,0,0,95.88244011,0.22415892,0.509387379,0,0,0.060885722,0.017014288,0,0,0,0.002232326,0,0.00221899,0.062830267,0,6.207831096,0,0.083734217,0.022259039,39.03359068,0,0,0,0.004684504,0.03469201,0,0.034364361,1.393289127,2.195917466,0.015273926,509.6418968,9.194234931,38.98357039,0,1044.626556,0,0,0,0.004684504,0,0,0,0,0.012431626,0,0,0,11.83697,0,0,0.655319742,0.062694139,0,0,0,8.738285862,5.058384717,0,0,38.98357039,0,1553.672487,0,0,0
2011,37.38305669,0,0.32566283,0.328138787,0.002475957,0,0,4.633313071,1433.522909,632.8328024,800.6901065,5.397606277,0,0,678.1673754,0.010047481,37.38305669,44.74044343,0.294691929,1.656951269,5.15E-06,7.432423338,0.004531461,0,0.020422675,0,0,0.004531461,0,0,5.63949745,0,0,632.7869946,0,0,16.41977955,0.000154308,0.068507591,5.377892015,0,0,736.3066212,0.001748715,0,0.001748715,0.029866172,635.5840425,0.014170128,0,1.112090731,0,0.32566283,774.1920634,7.60474971,0.015691899,1.799456324,0.001622717,25.1382427,8.176485888,0.05419098,0.019788269,686.2569149,632.958753,0,0.006126454,0,0,0,0,0,0,37.37716397,0.246276411,0.394924882,0,0,0.082085255,0.018563263,0,0,0,0.001104212,0,0.048415518,0.111755346,0,5.521211669,0,0.444696664,0.32566283,58.87667975,0.045807824,0,0,0,0.005892683,0,0.142978481,0,0.416092707,0.008137263,637.6511395,1.665088533,58.86663227,0,868.1456913,0.804984875,0,0,0,0.150154981,0,0,0,0.015329024,0,0,3.49E-08,23.85220288,0,0,0.347731599,0,0,0.00146841,4.68E-05,8.716840441,16.40445052,0,0,58.86663227,0,1503.729734,0,0,0.002475957
2012,22.84867467,0,0.022477189,0.032324487,0,0,0,0,994.9012358,427.4799644,567.4212714,9.307357675,0,0,462.192357,0.029821083,22.84867467,33.03830682,0.846221314,0.000844908,1.67E-06,6.769558263,0,0,0,0,0,0,0,0,12.54931714,0,0,427.4657432,0,0,25.11091248,0,0.076746664,9.30162381,0,0,539.0863383,0,0,0,0.011175298,440.1225165,0,0,12.61498628,0,0.022477189,562.1204604,6.769558263,0.000889216,1.215195591,9.29E-05,44.49554997,7.301046225,0.239009236,0.003138291,482.2989936,441.4233812,0,11.48588587,0,0,0,0,0,0,22.84867467,0.804132915,0.250370701,0,0,0.008156977,0.00572107,0,0,0,1.28E-05,0,0.042088399,0.250660534,0,5.303702138,0,0.044601919,0.032324487,28.25818642,0.01422118,0,0,0.009847297,0,0,0.018746568,0,0.836621685,0.035208259,441.4287729,0.036053167,28.22836534,0,632.3449005,0,0,0,0.009847297,0,0,0,0,2.443560418,0,0,0,31.88047074,0,0,0.597612449,0,0,9.29E-05,0,19.38454454,22.66735206,0,0,28.22836534,0,1072.467417,0,0,0
2013,43.76763887,0,0,0,0,0,0,0,855.9013573,386.3573329,469.5440244,5.089681833,0,0,438.670145,0.009975111,43.76763887,49.08849525,0.182245319,0.002901346,5.85E-06,6.323557931,0.029410663,0,0,0,0,0.029410663,0,0,7.477634637,0,0,386.3573329,0,0,21.3812962,0,0.108983554,5.076752548,0,0,465.0480893,0,0,0,0.022537431,389.8252049,0,0,3.405992055,0,0,508.9925171,6.323557931,2.31E-05,0.076957567,0,31.11084619,8.67829663,0.319087043,4.58E-05,447.3579407,388.7386519,0,0.02165114,0,0,0,0,0,0,43.76761743,0.124393609,0.794692119,0,0,0.047676765,0.012919347,0,0,0,9.94E-06,0,0.05785171,0.333880325,0,5.91272004,0,0.04774565,0,3.365861462,0,0,0,0,0,0,1.141219481,0,1.348689259,0.046027889,390.0111246,0.048929234,3.355886351,0,546.2754939,1.021090157,0,0,0,0,4.05E-05,0,0,2.27648848,0,0,2.14E-05,27.70485414,0,0,1.029602216,0,0,0,0,9.729549987,19.10480772,0,0,3.355886351,0,936.1006988,0,0,0
2014,73.75463139,0,0,0.049943182,0.037802634,0,0,0.016067182,1015.064012,382.0911751,632.9728371,5.976486554,0,0,466.9852978,0,73.75463139,80.09159713,0.239761328,0.023546503,6.35E-05,7.890651417,0.020451739,0,0,0,0,0.020451739,0,0,8.632049779,0,0,382.0822963,0,0,13.03713658,0,0.309608374,5.956071104,0,0,608.5445469,0,0,0,0.06312407,386.0498662,0.005424385,0,3.826435597,0,0,682.6642081,7.890651417,0.143656906,0.211296204,0.000177864,24.75440146,10.80518605,0.332014948,0,476.2487161,385.0378572,0,0.040229624,0.012139602,0.012139602,0,0,0,0,73.72646177,0.231199129,0.465369113,0,9.46E-07,0.387025623,0.020401995,0,0,0,1.35E-05,0,0.008562199,0.356093154,0,7.323262059,0,0.530861339,0.012140547,21.81471559,0.008878735,0,0,0,0,0,1.502828714,0,1.203686288,0.097171353,386.5798273,0.120717856,21.82685519,0,733.9100878,2.287899045,0,0,0.012140547,0,0,0,0,2.444779546,0,0,0,20.927788,0,0,0.866246955,0.028169614,0,0.000177864,0,11.71708701,10.59235704,0,0,21.81471559,0,1119.959954,0,0,0.037802634
2015,41.93380233,0,0,4.506677556,4.506677556,0,0,0,993.3614344,424.5805213,568.7809131,3.052088033,0,0,475.0917369,0,41.93380233,46.40970644,0.25761637,1.142842387,5.58E-05,12.57385629,0.039870447,0,0,0,0,0.039870447,0,0,3.287148945,0,0,424.5280119,0,0,7.103717056,0.000657908,0.155385308,3.036183193,0,0,559.7075299,0.002470579,0,0,0.108421201,433.0312042,0,0,7.320429843,0,0,606.381646,12.57632687,0.802844598,1.479985911,0.000657908,27.00113168,18.75811831,0.249403594,0.059257233,495.3098974,425.5332148,0,0.203949998,0,0,0,0,0,0,41.88004559,0.231874919,0.357626262,0,0,0.599034485,0.015449202,0,0,0,0.000455638,0,0.025741451,0.731663352,0,10.36220703,0,1.461136315,0,4.73334849,0.052509464,0,0,0,0,0,3.965277816,0,1.184091999,0.02335732,434.7215554,1.166199707,4.73334849,0,638.2477459,4.184649346,0.053756745,0,0,0,0,0,0,0.019090834,0,0,0,19.67757335,0.002470579,0,0.934688405,0,0,0,0,19.89675671,7.084626222,0,0,4.73334849,0,1071.27895,0,0,4.506677556
2016,26.86947609,0,0,2.288312665,2.28455598,0,0,0.001964351,872.622716,384.79478,487.827936,0.990203515,0,0,427.4593219,0.023861691,26.86947609,39.578858,0.200180081,11.37792155,0.000227828,9.041209183,1.889360059,0,0,0,0,1.889360059,0,0.023355957,3.87033912,0,0,384.7012383,0,0,2.70669153,0.11561373,0.084473971,0.966238438,0,0,487.191744,0,0,0,0.073872799,399.7842375,0,0,3.424422088,0,0,516.5737805,9.041209183,0.032522206,0.170857782,0.115613812,15.28793661,12.14250788,0.369418289,0.000833615,441.1057282,387.6730113,0,0.028650901,0,0,0,0,0,0,26.2729298,0.174053195,0.183424617,0,0,0.146015487,0.015708705,0,0,0,0,0,0.026126885,0.417075253,0,8.453276148,0,0.183128075,0.003756685,0.055055235,0.093541785,0,0,0.003756685,0,0,0.405623794,0,0.663890783,0.141076766,400.1248547,11.51899832,0,0,529.9935858,0.494698455,0,0,0.003756685,0,0,0.007837587,0,2.70669153,0,0,0,11.74790071,0,0,0.294472493,0,0,8.22E-08,0.008256372,12.46563127,0,0,0,0,0.596546282,929.7778233,0,0,2.28455598
2017,35.7037716,0,0.010955148,4.428231166,4.412621786,0,0,0,851.5452575,477.159412,374.3858455,0.697185289,0,0,520.9985257,0.133668894,35.7037716,39.79094917,0.201413909,3.062260466,3.50E-05,14.68065225,1.291147446,0,0,0,0,1.291147446,0,0,4.921128436,0,0,477.1213151,0,0,4.063842201,0.000304831,0.127065057,0.682404393,0,0,374.0607945,0.004345268,0,0.004345268,0.093912749,483.5789045,0,0,3.253925291,0,0,414.513506,14.68499751,0.017852253,1.88385629,0.000304831,22.00306984,17.89077074,0.782160256,0.003856171,543.2990474,481.3297194,0,0.043806793,0.004654233,0.004654233,3.78E-07,0,0,0,35.66845997,0.174881842,0.210374554,0,0,0.000481627,0.00250478,0,0,0,6.83E-05,0,0.026532067,1.204901376,0,11.59189458,0,0.033145577,0.015609381,0.139314679,0.038096862,0,0,0,0,0,0.805669138,0,0.782160256,0.126317904,485.6200602,3.18857837,0.010300018,0,434.1886031,0.058671191,0,0,0.004654233,0,0.004628886,0,0,4.063842201,0,0,2.70E-09,18.74449445,0,0,0,0,0.010955148,0,0.012207799,17.9389228,0,0,0,0.005645785,0.035311628,917.7675076,0,0,4.412621786
