Country Name,Series Name,period,Value
Australia,energy_imports,1991,-96.08561766
Australia,energy_imports,1992,-98.39684703
Australia,energy_imports,1993,-92.35458321
Australia,energy_imports,1994,-90.87475804
Australia,energy_imports,1995,-101.6253268
Australia,energy_imports,1996,-92.13294242
Australia,energy_imports,1997,-98.47261938
Australia,energy_imports,1998,-108.3267499
Australia,energy_imports,1999,-101.1087979
Australia,energy_imports,2000,-116.0507072
Australia,energy_imports,2001,-135.645551
Australia,energy_imports,2002,-132.1272139
Australia,energy_imports,2003,-127.8260188
Australia,energy_imports,2004,-125.5965531
Australia,energy_imports,2005,-133.6660235
Australia,energy_imports,2006,-128.3489704
Australia,energy_imports,2007,-134.1001662
Australia,energy_imports,2008,-126.2719965
Australia,energy_imports,2009,-132.2364601
Australia,energy_imports,2010,-153.6055915
Australia,energy_imports,2011,-143.7386205
Australia,energy_imports,2012,-153.2371784
Australia,energy_imports,2013,-172.4383403
Australia,energy_imports,2014,-192.0159244
Australia,energy_imports,2015,-190.1909476
Australia,energy_imports,2016,NA
Australia,energy_imports,2017,NA
Brazil,energy_imports,1991,26.68827159
Brazil,energy_imports,1992,27.45663558
Brazil,energy_imports,1993,28.59991185
Brazil,energy_imports,1994,28.95190404
Brazil,energy_imports,1995,30.44168031
Brazil,energy_imports,1996,30.09961618
Brazil,energy_imports,1997,29.16753627
Brazil,energy_imports,1998,26.89356077
Brazil,energy_imports,1999,24.25927847
Brazil,energy_imports,2000,21.23367086
Brazil,energy_imports,2001,20.47912911
Brazil,energy_imports,2002,14.50987793
Brazil,energy_imports,2003,10.38886477
Brazil,energy_imports,2004,13.13009089
Brazil,energy_imports,2005,9.579118749
Brazil,energy_imports,2006,7.401827271
Brazil,energy_imports,2007,8.084084722
Brazil,energy_imports,2008,8.207669942
Brazil,energy_imports,2009,4.098708124
Brazil,energy_imports,2010,7.244260199
Brazil,energy_imports,2011,7.712621471
Brazil,energy_imports,2012,10.58524401
Brazil,energy_imports,2013,13.89081918
Brazil,energy_imports,2014,11.87013338
Brazil,energy_imports,2015,NA
Brazil,energy_imports,2016,NA
Brazil,energy_imports,2017,NA
China,energy_imports,1991,-4.5658639
China,energy_imports,1992,-3.097756338
China,energy_imports,1993,-0.442131049
China,energy_imports,1994,-1.369907835
China,energy_imports,1995,-1.918757115
China,energy_imports,1996,-1.63710523
China,energy_imports,1997,-0.695494594
China,energy_imports,1998,-0.071244174
China,energy_imports,1999,2.25533922
China,energy_imports,2000,0.548408768
China,energy_imports,2001,-0.67382888
China,energy_imports,2002,1.500542639
China,energy_imports,2003,3.089543048
China,energy_imports,2004,4.89483849
China,energy_imports,2005,6.056192143
China,energy_imports,2006,7.858073703
China,energy_imports,2007,8.42170831
China,energy_imports,2008,8.435545073
China,energy_imports,2009,10.3609957
China,energy_imports,2010,11.44641322
China,energy_imports,2011,11.86012321
China,energy_imports,2012,14.35974038
China,energy_imports,2013,14.75645141
China,energy_imports,2014,15.02180074
China,energy_imports,2015,NA
China,energy_imports,2016,NA
China,energy_imports,2017,NA
France,energy_imports,1991,49.94910291
France,energy_imports,1992,48.35533368
France,energy_imports,1993,46.56741698
France,energy_imports,1994,45.61438581
France,energy_imports,1995,46.06458863
France,energy_imports,1996,47.38343845
France,energy_imports,1997,46.98181336
France,energy_imports,1998,49.80776523
France,energy_imports,1999,49.03473187
France,energy_imports,2000,48.13281961
France,energy_imports,2001,49.32858783
France,energy_imports,2002,48.65845485
France,energy_imports,2003,48.94658936
France,energy_imports,2004,49.24383012
France,energy_imports,2005,49.38184501
France,energy_imports,2006,48.89812334
France,energy_imports,2007,49.0390754
France,energy_imports,2008,48.51809179
France,energy_imports,2009,49.24531093
France,energy_imports,2010,48.16346592
France,energy_imports,2011,46.06021463
France,energy_imports,2012,46.79923107
France,energy_imports,2013,46.35287502
France,energy_imports,2014,43.48527185
France,energy_imports,2015,44.11016597
France,energy_imports,2016,NA
France,energy_imports,2017,NA
Germany,energy_imports,1991,51.11785366
Germany,energy_imports,1992,51.69083385
Germany,energy_imports,1993,54.57236631
Germany,energy_imports,1994,56.41397323
Germany,energy_imports,1995,56.93509713
Germany,energy_imports,1996,58.85052786
Germany,energy_imports,1997,58.3931547
Germany,energy_imports,1998,60.36084305
Germany,energy_imports,1999,59.08026928
Germany,energy_imports,2000,59.82339486
Germany,energy_imports,2001,61.17646194
Germany,energy_imports,2002,60.3408053
Germany,energy_imports,2003,59.97774301
Germany,energy_imports,2004,59.73851082
Germany,energy_imports,2005,59.46621258
Germany,energy_imports,2006,60.01125618
Germany,energy_imports,2007,58.46423005
Germany,energy_imports,2008,60.00315352
Germany,energy_imports,2009,59.31754646
Germany,energy_imports,2010,60.66440971
Germany,energy_imports,2011,60.56451022
Germany,energy_imports,2012,60.6954586
Germany,energy_imports,2013,62.09378398
Germany,energy_imports,2014,60.87591028
Germany,energy_imports,2015,61.40016937
Germany,energy_imports,2016,NA
Germany,energy_imports,2017,NA
India,energy_imports,1991,8.797442832
India,energy_imports,1992,11.04552069
India,energy_imports,1993,11.98499323
India,energy_imports,1994,12.19736885
India,energy_imports,1995,13.05507749
India,energy_imports,1996,14.2569889
India,energy_imports,1997,14.93412171
India,energy_imports,1998,17.23037626
India,energy_imports,1999,20.06241322
India,energy_imports,2000,20.44553977
India,energy_imports,2001,20.08046084
India,energy_imports,2002,20.3527755
India,energy_imports,2003,19.663346
India,energy_imports,2004,21.38063836
India,energy_imports,2005,22.05265263
India,energy_imports,2006,23.46924171
India,energy_imports,2007,24.96960723
India,energy_imports,2008,25.79397946
India,energy_imports,2009,27.4526763
India,energy_imports,2010,28.34760875
India,energy_imports,2011,29.38204199
India,energy_imports,2012,31.49652228
India,energy_imports,2013,32.47555404
India,energy_imports,2014,34.30552375
India,energy_imports,2015,NA
India,energy_imports,2016,NA
India,energy_imports,2017,NA
Indonesia,energy_imports,1991,-76.99152577
Indonesia,energy_imports,1992,-73.71249021
Indonesia,energy_imports,1993,-63.97097233
Indonesia,energy_imports,1994,-74.90676112
Indonesia,energy_imports,1995,-63.95149765
Indonesia,energy_imports,1996,-64.2504477
Indonesia,energy_imports,1997,-62.42802804
Indonesia,energy_imports,1998,-67.12564814
Indonesia,energy_imports,1999,-65.67315899
Indonesia,energy_imports,2000,-52.56666114
Indonesia,energy_imports,2001,-51.8184045
Indonesia,energy_imports,2002,-50.28629313
Indonesia,energy_imports,2003,-53.98829091
Indonesia,energy_imports,2004,-50.17429111
Indonesia,energy_imports,2005,-55.91462482
Indonesia,energy_imports,2006,-70.83174955
Indonesia,energy_imports,2007,-74.09463246
Indonesia,energy_imports,2008,-73.63386436
Indonesia,energy_imports,2009,-74.39975665
Indonesia,energy_imports,2010,-79.04613071
Indonesia,energy_imports,2011,-106.7081555
Indonesia,energy_imports,2012,-107.2110734
Indonesia,energy_imports,2013,-112.2837508
Indonesia,energy_imports,2014,-103.0913295
Indonesia,energy_imports,2015,NA
Indonesia,energy_imports,2016,NA
Indonesia,energy_imports,2017,NA
Italy,energy_imports,1991,82.63412125
Italy,energy_imports,1992,81.7361865
Italy,energy_imports,1993,80.93875062
Italy,energy_imports,1994,79.87048442
Italy,energy_imports,1995,81.51230787
Italy,energy_imports,1996,80.96096133
Italy,energy_imports,1997,81.1459931
Italy,energy_imports,1998,81.72860173
Italy,energy_imports,1999,82.63902249
Italy,energy_imports,2000,83.57703847
Italy,energy_imports,2001,84.42306961
Italy,energy_imports,2002,83.70034231
Italy,energy_imports,2003,83.53825705
Italy,energy_imports,2004,84.06483707
Italy,energy_imports,2005,83.7920833
Italy,energy_imports,2006,83.71512534
Italy,energy_imports,2007,83.08543016
Italy,energy_imports,2008,81.88238606
Italy,energy_imports,2009,81.33076624
Italy,energy_imports,2010,81.00267182
Italy,energy_imports,2011,80.9821354
Italy,energy_imports,2012,78.33384766
Italy,energy_imports,2013,76.33877419
Italy,energy_imports,2014,75.0013037
Italy,energy_imports,2015,76.41798211
Italy,energy_imports,2016,NA
Italy,energy_imports,2017,NA
Japan,energy_imports,1991,82.26399862
Japan,energy_imports,1992,82.3991653
Japan,energy_imports,1993,80.93673282
Japan,energy_imports,1994,81.3272734
Japan,energy_imports,1995,80.19512518
Japan,energy_imports,1996,80.00005876
Japan,energy_imports,1997,79.36665258
Japan,energy_imports,1998,78.42828783
Japan,energy_imports,1999,79.67411261
Japan,energy_imports,2000,79.80786415
Japan,energy_imports,2001,79.72095591
Japan,energy_imports,2002,81.23226885
Japan,energy_imports,2003,83.67531011
Japan,energy_imports,2004,82.07032779
Japan,energy_imports,2005,80.92420743
Japan,energy_imports,2006,80.71502476
Japan,energy_imports,2007,82.64541565
Japan,energy_imports,2008,82.34586693
Japan,energy_imports,2009,80.36108289
Japan,energy_imports,2010,80.14407831
Japan,energy_imports,2011,88.93691415
Japan,energy_imports,2012,93.82704712
Japan,energy_imports,2013,93.91862663
Japan,energy_imports,2014,93.98125952
Japan,energy_imports,2015,93.01912814
Japan,energy_imports,2016,NA
Japan,energy_imports,2017,NA
"Korea, Rep.",energy_imports,1991,77.77377749
"Korea, Rep.",energy_imports,1992,81.60545666
"Korea, Rep.",energy_imports,1993,83.86996456
"Korea, Rep.",energy_imports,1994,85.40998505
"Korea, Rep.",energy_imports,1995,85.39013117
"Korea, Rep.",energy_imports,1996,85.70119887
"Korea, Rep.",energy_imports,1997,86.14202421
"Korea, Rep.",energy_imports,1998,82.68107923
"Korea, Rep.",energy_imports,1999,82.27800582
"Korea, Rep.",energy_imports,2000,81.69380517
"Korea, Rep.",energy_imports,2001,81.71118635
"Korea, Rep.",energy_imports,2002,82.43751681
"Korea, Rep.",energy_imports,2003,81.2600358
"Korea, Rep.",energy_imports,2004,81.60574079
"Korea, Rep.",energy_imports,2005,79.56049614
"Korea, Rep.",energy_imports,2006,79.51943235
"Korea, Rep.",energy_imports,2007,80.82952764
"Korea, Rep.",energy_imports,2008,80.29728486
"Korea, Rep.",energy_imports,2009,80.6620095
"Korea, Rep.",energy_imports,2010,82.01995071
"Korea, Rep.",energy_imports,2011,81.95030161
"Korea, Rep.",energy_imports,2012,82.44682463
"Korea, Rep.",energy_imports,2013,83.47306852
"Korea, Rep.",energy_imports,2014,81.70429565
"Korea, Rep.",energy_imports,2015,81.44832917
"Korea, Rep.",energy_imports,2016,NA
"Korea, Rep.",energy_imports,2017,NA
Mexico,energy_imports,1991,-57.11082568
Mexico,energy_imports,1992,-55.25207145
Mexico,energy_imports,1993,-54.95049286
Mexico,energy_imports,1994,-50.87576764
Mexico,energy_imports,1995,-54.79224404
Mexico,energy_imports,1996,-59.02671895
Mexico,energy_imports,1997,-59.38694114
Mexico,energy_imports,1998,-55.21196743
Mexico,energy_imports,1999,-49.95857994
Mexico,energy_imports,2000,-51.53968913
Mexico,energy_imports,2001,-50.53612215
Mexico,energy_imports,2002,-51.79016149
Mexico,energy_imports,2003,-52.04619804
Mexico,energy_imports,2004,-52.03506656
Mexico,energy_imports,2005,-44.9593108
Mexico,energy_imports,2006,-42.21934338
Mexico,energy_imports,2007,-36.63831278
Mexico,energy_imports,2008,-26.91894183
Mexico,energy_imports,2009,-24.74801121
Mexico,energy_imports,2010,-22.69788789
Mexico,energy_imports,2011,-18.01627067
Mexico,energy_imports,2012,-13.98153471
Mexico,energy_imports,2013,-12.72591504
Mexico,energy_imports,2014,-10.79360098
Mexico,energy_imports,2015,-4.666485313
Mexico,energy_imports,2016,NA
Mexico,energy_imports,2017,NA
Netherlands,energy_imports,1991,2.860092812
Netherlands,energy_imports,1992,1.408861802
Netherlands,energy_imports,1993,0.572735703
Netherlands,energy_imports,1994,4.262033899
Netherlands,energy_imports,1995,9.467619179
Netherlands,energy_imports,1996,3.973889852
Netherlands,energy_imports,1997,11.8811179
Netherlands,energy_imports,1998,15.9518748
Netherlands,energy_imports,1999,19.96259018
Netherlands,energy_imports,2000,23.27991171
Netherlands,energy_imports,2001,20.50291588
Netherlands,energy_imports,2002,22.62685958
Netherlands,energy_imports,2003,27.5106466
Netherlands,energy_imports,2004,17.59402469
Netherlands,energy_imports,2005,23.18578826
Netherlands,energy_imports,2006,23.7306954
Netherlands,energy_imports,2007,23.722803
Netherlands,energy_imports,2008,16.41233632
Netherlands,energy_imports,2009,19.19710596
Netherlands,energy_imports,2010,16.3028492
Netherlands,energy_imports,2011,16.77561686
Netherlands,energy_imports,2012,16.85248773
Netherlands,energy_imports,2013,10.38468626
Netherlands,energy_imports,2014,19.76928935
Netherlands,energy_imports,2015,35.02100765
Netherlands,energy_imports,2016,NA
Netherlands,energy_imports,2017,NA
Spain,energy_imports,1991,63.24910656
Spain,energy_imports,1992,64.57754006
Spain,energy_imports,1993,63.93179845
Spain,energy_imports,1994,66.52337281
Spain,energy_imports,1995,68.73312572
Spain,energy_imports,1996,67.07232261
Spain,energy_imports,1997,69.96792552
Spain,energy_imports,1998,70.83482118
Spain,energy_imports,1999,73.62370849
Spain,energy_imports,2000,74.10016865
Spain,energy_imports,2001,73.22307281
Spain,energy_imports,2002,75.41840141
Spain,energy_imports,2003,75.27397504
Spain,energy_imports,2004,76.59245835
Spain,energy_imports,2005,78.75104301
Spain,energy_imports,2006,77.90083445
Spain,energy_imports,2007,78.94003136
Spain,energy_imports,2008,78.17691953
Spain,energy_imports,2009,76.23691935
Spain,energy_imports,2010,73.04963274
Spain,energy_imports,2011,74.55708299
Spain,energy_imports,2012,73.31055967
Spain,energy_imports,2013,70.34306113
Spain,energy_imports,2014,69.35978962
Spain,energy_imports,2015,71.43266029
Spain,energy_imports,2016,NA
Spain,energy_imports,2017,NA
United Kingdom,energy_imports,1991,-0.849830713
United Kingdom,energy_imports,1992,-1.318292605
United Kingdom,energy_imports,1993,-4.24104824
United Kingdom,energy_imports,1994,-13.25833218
United Kingdom,energy_imports,1995,-19.03416962
United Kingdom,energy_imports,1996,-19.16892781
United Kingdom,energy_imports,1997,-22.32726936
United Kingdom,energy_imports,1998,-22.75576183
United Kingdom,energy_imports,1999,-26.80621991
United Kingdom,energy_imports,2000,-22.21181318
United Kingdom,energy_imports,2001,-17.24190753
United Kingdom,energy_imports,2002,-18.017382
United Kingdom,energy_imports,2003,-10.71813037
United Kingdom,energy_imports,2004,-1.706573508
United Kingdom,energy_imports,2005,7.861983332
United Kingdom,energy_imports,2006,14.70555456
United Kingdom,energy_imports,2007,16.55018289
United Kingdom,energy_imports,2008,19.82312494
United Kingdom,energy_imports,2009,19.11991506
United Kingdom,energy_imports,2010,26.57049679
United Kingdom,energy_imports,2011,30.84123199
United Kingdom,energy_imports,2012,39.18082886
United Kingdom,energy_imports,2013,42.32391729
United Kingdom,energy_imports,2014,39.67463181
United Kingdom,energy_imports,2015,34.62999027
United Kingdom,energy_imports,2016,NA
United Kingdom,energy_imports,2017,NA
United States,energy_imports,1991,14.94270765
United States,energy_imports,1992,16.33852962
United States,energy_imports,1993,20.28709268
United States,energy_imports,1994,18.79600376
United States,energy_imports,1995,19.74084642
United States,energy_imports,1996,20.58353482
United States,energy_imports,1997,21.50982495
United States,energy_imports,1998,21.56989415
United States,energy_imports,1999,24.45741118
United States,energy_imports,2000,26.65941959
United States,energy_imports,2001,24.30053717
United States,energy_imports,2002,26.60412855
United States,energy_imports,2003,27.72618062
United States,energy_imports,2004,28.69557069
United States,energy_imports,2005,29.65917928
United States,energy_imports,2006,27.97212343
United States,energy_imports,2007,28.58560688
United States,energy_imports,2008,25.26407137
United States,energy_imports,2009,22.1249837
United States,energy_imports,2010,22.2092009
United States,energy_imports,2011,18.55497676
United States,energy_imports,2012,15.69172909
United States,energy_imports,2013,13.94343151
United States,energy_imports,2014,9.214465501
United States,energy_imports,2015,7.308743455
United States,energy_imports,2016,NA
United States,energy_imports,2017,NA
Austria,energy_imports,1991,68.35002027
Austria,energy_imports,1992,66.22693808
Austria,energy_imports,1993,65.77866408
Austria,energy_imports,1994,67.11193106
Austria,energy_imports,1995,67.25321851
Austria,energy_imports,1996,69.52266636
Austria,energy_imports,1997,69.20932467
Austria,energy_imports,1998,69.12483398
Austria,energy_imports,1999,66.0154691
Austria,energy_imports,2000,65.75385173
Austria,energy_imports,2001,67.55593257
Austria,energy_imports,2002,67.71055329
Austria,energy_imports,2003,70.19060853
Austria,energy_imports,2004,69.65418183
Austria,energy_imports,2005,70.64364818
Austria,energy_imports,2006,70.20167149
Austria,energy_imports,2007,67.48931712
Austria,energy_imports,2008,66.73517317
Austria,energy_imports,2009,63.85296796
Austria,energy_imports,2010,64.83443953
Austria,energy_imports,2011,65.38544384
Austria,energy_imports,2012,61.95446559
Austria,energy_imports,2013,63.41705212
Austria,energy_imports,2014,62.42378603
Austria,energy_imports,2015,63.54485349
Austria,energy_imports,2016,NA
Austria,energy_imports,2017,NA
Belgium,energy_imports,1991,74.09473376
Belgium,energy_imports,1992,74.86704821
Belgium,energy_imports,1993,75.52073486
Belgium,energy_imports,1994,77.84737942
Belgium,energy_imports,1995,77.64908961
Belgium,energy_imports,1996,78.02540973
Belgium,energy_imports,1997,76.16716935
Belgium,energy_imports,1998,77.07164968
Belgium,energy_imports,1999,75.77244367
Belgium,energy_imports,2000,76.36884079
Belgium,energy_imports,2001,77.00948114
Belgium,energy_imports,2002,75.76874717
Belgium,energy_imports,2003,76.38540815
Belgium,energy_imports,2004,76.41271894
Belgium,energy_imports,2005,76.11109785
Belgium,energy_imports,2006,76.13442796
Belgium,energy_imports,2007,74.38493064
Belgium,energy_imports,2008,75.64854638
Belgium,energy_imports,2009,73.43279043
Belgium,energy_imports,2010,74.2611828
Belgium,energy_imports,2011,71.38626299
Belgium,energy_imports,2012,73.70403182
Belgium,energy_imports,2013,73.19206874
Belgium,energy_imports,2014,76.2588603
Belgium,energy_imports,2015,80.09179197
Belgium,energy_imports,2016,NA
Belgium,energy_imports,2017,NA
Canada,energy_imports,1991,-36.5602825
Canada,energy_imports,1992,-37.54038478
Canada,energy_imports,1993,-42.89238622
Canada,energy_imports,1994,-47.83575721
Canada,energy_imports,1995,-50.50588107
Canada,energy_imports,1996,-51.26841996
Canada,energy_imports,1997,-52.38390112
Canada,energy_imports,1998,-53.5360828
Canada,energy_imports,1999,-48.73567609
Canada,energy_imports,2000,-47.80435642
Canada,energy_imports,2001,-51.66819528
Canada,energy_imports,2002,-54.12409413
Canada,energy_imports,2003,-47.0464528
Canada,energy_imports,2004,-48.23775637
Canada,energy_imports,2005,-48.95364487
Canada,energy_imports,2006,-53.8094923
Canada,energy_imports,2007,-53.29171758
Canada,energy_imports,2008,-50.42825604
Canada,energy_imports,2009,-50.19771513
Canada,energy_imports,2010,-51.3748738
Canada,energy_imports,2011,-52.96207892
Canada,energy_imports,2012,-59.1141604
Canada,energy_imports,2013,-64.44374805
Canada,energy_imports,2014,-67.92722174
Canada,energy_imports,2015,-72.52816977
Canada,energy_imports,2016,NA
Canada,energy_imports,2017,NA
Chile,energy_imports,1991,41.72115165
Chile,energy_imports,1992,44.28817463
Chile,energy_imports,1993,48.15844575
Chile,energy_imports,1994,51.28091429
Chile,energy_imports,1995,54.73505516
Chile,energy_imports,1996,59.00047037
Chile,energy_imports,1997,63.23820704
Chile,energy_imports,1998,65.58378467
Chile,energy_imports,1999,68.2035641
Chile,energy_imports,2000,65.90705846
Chile,energy_imports,2001,63.24148869
Chile,energy_imports,2002,64.50883387
Chile,energy_imports,2003,66.85435045
Chile,energy_imports,2004,68.91267897
Chile,energy_imports,2005,67.08240284
Chile,energy_imports,2006,67.41279894
Chile,energy_imports,2007,69.40580146
Chile,energy_imports,2008,67.93482309
Chile,energy_imports,2009,65.46159891
Chile,energy_imports,2010,70.14661679
Chile,energy_imports,2011,70.6126625
Chile,energy_imports,2012,64.99039123
Chile,energy_imports,2013,61.28829787
Chile,energy_imports,2014,64.20166799
Chile,energy_imports,2015,65.23645645
Chile,energy_imports,2016,NA
Chile,energy_imports,2017,NA
Czech Republic,energy_imports,1991,13.86645146
Czech Republic,energy_imports,1992,16.69442479
Czech Republic,energy_imports,1993,15.33327287
Czech Republic,energy_imports,1994,18.65664552
Czech Republic,energy_imports,1995,21.81045645
Czech Republic,energy_imports,1996,22.6547513
Czech Republic,energy_imports,1997,22.27752449
Czech Republic,energy_imports,1998,24.43814947
Czech Republic,energy_imports,1999,26.33847833
Czech Republic,energy_imports,2000,25.25379371
Czech Republic,energy_imports,2001,25.51089625
Czech Republic,energy_imports,2002,26.10009749
Czech Republic,energy_imports,2003,24.55791548
Czech Republic,energy_imports,2004,24.04075694
Czech Republic,energy_imports,2005,26.73390951
Czech Republic,energy_imports,2006,26.9508833
Czech Republic,energy_imports,2007,26.53847837
Czech Republic,energy_imports,2008,26.93370952
Czech Republic,energy_imports,2009,25.79573651
Czech Republic,energy_imports,2010,28.69579559
Czech Republic,energy_imports,2011,24.77472112
Czech Republic,energy_imports,2012,23.3993144
Czech Republic,energy_imports,2013,28.10411363
Czech Republic,energy_imports,2014,28.98980679
Czech Republic,energy_imports,2015,31.62369863
Czech Republic,energy_imports,2016,NA
Czech Republic,energy_imports,2017,NA
Denmark,energy_imports,1991,38.09630227
Denmark,energy_imports,1992,29.87100386
Denmark,energy_imports,1993,26.56673939
Denmark,energy_imports,1994,22.87290657
Denmark,energy_imports,1995,19.61042386
Denmark,energy_imports,1996,19.50538868
Denmark,energy_imports,1997,0.464787432
Denmark,energy_imports,1998,-1.892043817
Denmark,energy_imports,1999,-24.04789959
Denmark,energy_imports,2000,-48.84418959
Denmark,energy_imports,2001,-41.31370049
Denmark,energy_imports,2002,-50.41935194
Denmark,energy_imports,2003,-41.72095916
Denmark,energy_imports,2004,-60.07111567
Denmark,energy_imports,2005,-65.69405593
Denmark,energy_imports,2006,-45.8611628
Denmark,energy_imports,2007,-36.99421995
Denmark,energy_imports,2008,-38.71495566
Denmark,energy_imports,2009,-30.45988348
Denmark,energy_imports,2010,-19.86202242
Denmark,energy_imports,2011,-14.5419458
Denmark,energy_imports,2012,-8.653717944
Denmark,energy_imports,2013,4.908089604
Denmark,energy_imports,2014,0.944353805
Denmark,energy_imports,2015,1.774998671
Denmark,energy_imports,2016,NA
Denmark,energy_imports,2017,NA
Finland,energy_imports,1991,61.20694227
Finland,energy_imports,1992,55.32174651
Finland,energy_imports,1993,58.49549694
Finland,energy_imports,1994,57.22561886
Finland,energy_imports,1995,54.49686471
Finland,energy_imports,1996,56.23699881
Finland,energy_imports,1997,53.38331231
Finland,energy_imports,1998,58.27799168
Finland,energy_imports,1999,52.54761585
Finland,energy_imports,2000,53.92288585
Finland,energy_imports,2001,53.78197221
Finland,energy_imports,2002,53.96340265
Finland,energy_imports,2003,56.80848692
Finland,energy_imports,2004,57.41220937
Finland,energy_imports,2005,51.45998697
Finland,energy_imports,2006,51.3241122
Finland,energy_imports,2007,56.16714915
Finland,energy_imports,2008,53.35357321
Finland,energy_imports,2009,50.27907423
Finland,energy_imports,2010,52.23543393
Finland,energy_imports,2011,51.15491807
Finland,energy_imports,2012,49.01078211
Finland,energy_imports,2013,45.30505616
Finland,energy_imports,2014,46.19727551
Finland,energy_imports,2015,45.33378503
Finland,energy_imports,2016,NA
Finland,energy_imports,2017,NA
Greece,energy_imports,1991,58.20248672
Greece,energy_imports,1992,59.56617355
Greece,energy_imports,1993,58.95034906
Greece,energy_imports,1994,59.29578871
Greece,energy_imports,1995,58.99897894
Greece,energy_imports,1996,61.031293
Greece,energy_imports,1997,60.71296902
Greece,energy_imports,1998,61.62497216
Greece,energy_imports,1999,62.93212059
Greece,energy_imports,2000,63.1324062
Greece,energy_imports,2001,64.4166894
Greece,energy_imports,2002,63.88291338
Greece,energy_imports,2003,66.00878638
Greece,energy_imports,2004,65.31408153
Greece,energy_imports,2005,65.89463962
Greece,energy_imports,2006,66.68933019
Greece,energy_imports,2007,66.34261878
Greece,energy_imports,2008,67.58740178
Greece,energy_imports,2009,65.77147977
Greece,energy_imports,2010,65.82322604
Greece,energy_imports,2011,64.02047022
Greece,energy_imports,2012,60.75162373
Greece,energy_imports,2013,60.11986928
Greece,energy_imports,2014,61.97067022
Greece,energy_imports,2015,64.17554664
Greece,energy_imports,2016,NA
Greece,energy_imports,2017,NA
Iceland,energy_imports,1991,27.83861791
Iceland,energy_imports,1992,29.76385459
Iceland,energy_imports,1993,30.04561022
Iceland,energy_imports,1994,29.98211422
Iceland,energy_imports,1995,29.28912567
Iceland,energy_imports,1996,30.73641907
Iceland,energy_imports,1997,29.75083677
Iceland,energy_imports,1998,28.0253167
Iceland,energy_imports,1999,24.46796246
Iceland,energy_imports,2000,22.62222591
Iceland,energy_imports,2001,22.89112189
Iceland,energy_imports,2002,23.08594362
Iceland,energy_imports,2003,22.87375541
Iceland,energy_imports,2004,24.08938598
Iceland,energy_imports,2005,23.65894792
Iceland,energy_imports,2006,19.71343426
Iceland,energy_imports,2007,16.15127411
Iceland,energy_imports,2008,13.16704987
Iceland,energy_imports,2009,12.17033576
Iceland,energy_imports,2010,11.51977304
Iceland,energy_imports,2011,10.25493532
Iceland,energy_imports,2012,10.33069661
Iceland,energy_imports,2013,10.43891972
Iceland,energy_imports,2014,10.96335223
Iceland,energy_imports,2015,11.55755169
Iceland,energy_imports,2016,NA
Iceland,energy_imports,2017,NA
Ireland,energy_imports,1991,67.1133861
Ireland,energy_imports,1992,68.79476202
Ireland,energy_imports,1993,65.70391659
Ireland,energy_imports,1994,66.29656867
Ireland,energy_imports,1995,61.50827209
Ireland,energy_imports,1996,68.8399332
Ireland,energy_imports,1997,76.15101188
Ireland,energy_imports,1998,80.61126417
Ireland,energy_imports,1999,81.51841801
Ireland,energy_imports,2000,84.36053756
Ireland,energy_imports,2001,87.63821756
Ireland,energy_imports,2002,89.27336349
Ireland,energy_imports,2003,86.94247192
Ireland,energy_imports,2004,87.04701905
Ireland,energy_imports,2005,88.70219823
Ireland,energy_imports,2006,88.7682772
Ireland,energy_imports,2007,90.67819744
Ireland,energy_imports,2008,89.52857174
Ireland,energy_imports,2009,89.86179316
Ireland,energy_imports,2010,87.24518693
Ireland,energy_imports,2011,87.18399147
Ireland,energy_imports,2012,90.42999776
Ireland,energy_imports,2013,82.71123564
Ireland,energy_imports,2014,84.25580305
Ireland,energy_imports,2015,85.66713692
Ireland,energy_imports,2016,NA
Ireland,energy_imports,2017,NA
Hungary,energy_imports,1991,47.31799677
Hungary,energy_imports,1992,44.61836605
Hungary,energy_imports,1993,46.7048489
Hungary,energy_imports,1994,46.63304066
Hungary,energy_imports,1995,46.26983087
Hungary,energy_imports,1996,48.57375559
Hungary,energy_imports,1997,48.76140272
Hungary,energy_imports,1998,51.48222864
Hungary,energy_imports,1999,53.25458959
Hungary,energy_imports,2000,53.52502151
Hungary,energy_imports,2001,55.84826994
Hungary,energy_imports,2002,56.25746424
Hungary,energy_imports,2003,60.16618773
Hungary,energy_imports,2004,60.73495783
Hungary,energy_imports,2005,62.36068995
Hungary,energy_imports,2006,62.17671338
Hungary,energy_imports,2007,61.74633199
Hungary,energy_imports,2008,60.34142845
Hungary,energy_imports,2009,55.68995729
Hungary,energy_imports,2010,57.00256941
Hungary,energy_imports,2011,56.76651965
Hungary,energy_imports,2012,54.90329055
Hungary,energy_imports,2013,54.57649213
Hungary,energy_imports,2014,55.60738232
Hungary,energy_imports,2015,57.66670548
Hungary,energy_imports,2016,NA
Hungary,energy_imports,2017,NA
New Zealand,energy_imports,1991,7.904175385
New Zealand,energy_imports,1992,8.434478412
New Zealand,energy_imports,1993,9.163307824
New Zealand,energy_imports,1994,14.04211467
New Zealand,energy_imports,1995,15.02605597
New Zealand,energy_imports,1996,11.16209123
New Zealand,energy_imports,1997,10.1704913
New Zealand,energy_imports,1998,15.82302281
New Zealand,energy_imports,1999,16.15375844
New Zealand,energy_imports,2000,16.37860003
New Zealand,energy_imports,2001,16.12910374
New Zealand,energy_imports,2002,14.55476821
New Zealand,energy_imports,2003,21.20150492
New Zealand,energy_imports,2004,23.5803326
New Zealand,energy_imports,2005,24.02625166
New Zealand,energy_imports,2006,21.72167332
New Zealand,energy_imports,2007,17.58464165
New Zealand,energy_imports,2008,13.91342422
New Zealand,energy_imports,2009,12.67197071
New Zealand,energy_imports,2010,8.144425569
New Zealand,energy_imports,2011,11.98194307
New Zealand,energy_imports,2012,16.45899946
New Zealand,energy_imports,2013,16.41409444
New Zealand,energy_imports,2014,17.08455259
New Zealand,energy_imports,2015,19.47815263
New Zealand,energy_imports,2016,NA
New Zealand,energy_imports,2017,NA
Portugal,energy_imports,1991,79.99073646
Portugal,energy_imports,1992,83.70044394
Portugal,energy_imports,1993,81.59250617
Portugal,energy_imports,1994,80.91031739
Portugal,energy_imports,1995,83.56738232
Portugal,energy_imports,1996,81.02961388
Portugal,energy_imports,1997,82.20593185
Portugal,energy_imports,1998,83.60089972
Portugal,energy_imports,1999,86.20444464
Portugal,energy_imports,2000,84.36172941
Portugal,energy_imports,2001,83.46832255
Portugal,energy_imports,2002,85.88937648
Portugal,energy_imports,2003,82.73042438
Portugal,energy_imports,2004,84.91461778
Portugal,energy_imports,2005,86.34023662
Portugal,energy_imports,2006,82.63821619
Portugal,energy_imports,2007,81.68178029
Portugal,energy_imports,2008,81.87672286
Portugal,energy_imports,2009,79.77448675
Portugal,energy_imports,2010,75.31334141
Portugal,energy_imports,2011,75.78984426
Portugal,energy_imports,2012,78.04271589
Portugal,energy_imports,2013,73.17307897
Portugal,energy_imports,2014,71.66828631
Portugal,energy_imports,2015,76.86056368
Portugal,energy_imports,2016,NA
Portugal,energy_imports,2017,NA
Singapore,energy_imports,1991,98.45369745
Singapore,energy_imports,1992,98.63728412
Singapore,energy_imports,1993,98.88893674
Singapore,energy_imports,1994,99.085392
Singapore,energy_imports,1995,98.92797038
Singapore,energy_imports,1996,98.97307486
Singapore,energy_imports,1997,99.08530818
Singapore,energy_imports,1998,98.98800301
Singapore,energy_imports,1999,98.88756527
Singapore,energy_imports,2000,98.91780933
Singapore,energy_imports,2001,98.16821256
Singapore,energy_imports,2002,98.15622545
Singapore,energy_imports,2003,98.40425241
Singapore,energy_imports,2004,98.71374243
Singapore,energy_imports,2005,98.17220306
Singapore,energy_imports,2006,98.30236585
Singapore,energy_imports,2007,98.1287044
Singapore,energy_imports,2008,98.24676078
Singapore,energy_imports,2009,97.93284225
Singapore,energy_imports,2010,97.68803286
Singapore,energy_imports,2011,97.70144276
Singapore,energy_imports,2012,97.60899516
Singapore,energy_imports,2013,97.55516705
Singapore,energy_imports,2014,97.68200129
Singapore,energy_imports,2015,NA
Singapore,energy_imports,2016,NA
Singapore,energy_imports,2017,NA
South Africa,energy_imports,1991,-23.10965043
South Africa,energy_imports,1992,-29.8634241
South Africa,energy_imports,1993,-29.54125436
South Africa,energy_imports,1994,-30.67541623
South Africa,energy_imports,1995,-30.16514818
South Africa,energy_imports,1996,-27.58069752
South Africa,energy_imports,1997,-31.92549494
South Africa,energy_imports,1998,-34.30133003
South Africa,energy_imports,1999,-32.7114984
South Africa,energy_imports,2000,-33.54984474
South Africa,energy_imports,2001,-29.2433641
South Africa,energy_imports,2002,-30.70734561
South Africa,energy_imports,2003,-30.37521786
South Africa,energy_imports,2004,-22.69248138
South Africa,energy_imports,2005,-23.14122558
South Africa,energy_imports,2006,-23.71788867
South Africa,energy_imports,2007,-16.55626741
South Africa,energy_imports,2008,-10.28570367
South Africa,energy_imports,2009,-11.49211908
South Africa,energy_imports,2010,-15.65048325
South Africa,energy_imports,2011,-15.50466732
South Africa,energy_imports,2012,-19.04595351
South Africa,energy_imports,2013,-18.58888627
South Africa,energy_imports,2014,-14.48355329
South Africa,energy_imports,2015,NA
South Africa,energy_imports,2016,NA
South Africa,energy_imports,2017,NA
Sweden,energy_imports,1991,35.45744945
Sweden,energy_imports,1992,36.66767278
Sweden,energy_imports,1993,36.95999738
Sweden,energy_imports,1994,37.10881182
Sweden,energy_imports,1995,36.74289199
Sweden,energy_imports,1996,37.91432176
Sweden,energy_imports,1997,35.33219056
Sweden,energy_imports,1998,33.44056478
Sweden,energy_imports,1999,33.71615755
Sweden,energy_imports,2000,35.82080601
Sweden,energy_imports,2001,32.90849313
Sweden,energy_imports,2002,38.53408654
Sweden,energy_imports,2003,38.90570924
Sweden,energy_imports,2004,34.71302375
Sweden,energy_imports,2005,32.76096596
Sweden,energy_imports,2006,34.61093334
Sweden,energy_imports,2007,32.91254556
Sweden,energy_imports,2008,32.99944538
Sweden,energy_imports,2009,33.16742688
Sweden,energy_imports,2010,34.99593596
Sweden,energy_imports,2011,33.18938491
Sweden,energy_imports,2012,27.86714054
Sweden,energy_imports,2013,28.9998175
Sweden,energy_imports,2014,28.2711851
Sweden,energy_imports,2015,24.65208338
Sweden,energy_imports,2016,NA
Sweden,energy_imports,2017,NA
Australia,energy_use,1991,4927.78159
Australia,energy_use,1992,4959.214919
Australia,energy_use,1993,5147.53665
Australia,energy_use,1994,5089.788967
Australia,energy_use,1995,5129.223661
Australia,energy_use,1996,5393.580635
Australia,energy_use,1997,5469.599989
Australia,energy_use,1998,5553.653466
Australia,energy_use,1999,5610.344711
Australia,energy_use,2000,5644.064951
Australia,energy_use,2001,5446.973214
Australia,energy_use,2002,5569.640992
Australia,energy_use,2003,5568.764941
Australia,energy_use,2004,5598.088178
Australia,energy_use,2005,5564.087169
Australia,energy_use,2006,5709.344668
Australia,energy_use,2007,5868.347097
Australia,energy_use,2008,5964.665776
Australia,energy_use,2009,5862.551944
Australia,energy_use,2010,5793.116026
Australia,energy_use,2011,5745.23219
Australia,energy_use,2012,5575.287093
Australia,energy_use,2013,5468.391369
Australia,energy_use,2014,5334.681679
Australia,energy_use,2015,5483.816402
Australia,energy_use,2016,NA
Australia,energy_use,2017,NA
Brazil,energy_use,1991,942.0380133
Brazil,energy_use,1992,935.7464745
Brazil,energy_use,1993,943.3270433
Brazil,energy_use,1994,976.9821835
Brazil,energy_use,1995,994.2898062
Brazil,energy_use,1996,1030.668035
Brazil,energy_use,1997,1066.18699
Brazil,energy_use,1998,1075.1991
Brazil,energy_use,1999,1083.403978
Brazil,energy_use,2000,1072.379538
Brazil,energy_use,2001,1076.275474
Brazil,energy_use,2002,1090.349867
Brazil,energy_use,2003,1094.42467
Brazil,energy_use,2004,1141.491098
Brazil,energy_use,2005,1156.907568
Brazil,energy_use,2006,1184.145102
Brazil,energy_use,2007,1238.411641
Brazil,energy_use,2008,1294.480833
Brazil,energy_use,2009,1240.177285
Brazil,energy_use,2010,1358.502416
Brazil,energy_use,2011,1367.188098
Brazil,energy_use,2012,1413.733357
Brazil,energy_use,2013,1461.076781
Brazil,energy_use,2014,1495.541207
Brazil,energy_use,2015,NA
Brazil,energy_use,2016,NA
Brazil,energy_use,2017,NA
China,energy_use,1991,736.8518014
China,energy_use,1992,752.6286625
China,energy_use,1993,788.1287236
China,energy_use,1994,816.16289
China,energy_use,1995,866.8343743
China,energy_use,1996,881.6537374
China,energy_use,1997,871.7563238
China,energy_use,1998,869.3586073
China,energy_use,1999,878.5245355
China,energy_use,2000,898.9873131
China,energy_use,2001,928.8114337
China,energy_use,2002,984.8107146
China,energy_use,2003,1118.431773
China,energy_use,2004,1268.132904
China,energy_use,2005,1393.691324
China,energy_use,2006,1515.173678
China,energy_use,2007,1630.171029
China,energy_use,2008,1672.90412
China,energy_use,2009,1778.433519
China,energy_use,2010,1954.722556
China,energy_use,2011,2086.486904
China,energy_use,2012,2155.164788
China,energy_use,2013,2213.759327
China,energy_use,2014,2236.729908
China,energy_use,2015,NA
China,energy_use,2016,NA
China,energy_use,2017,NA
France,energy_use,1991,4043.099021
France,energy_use,1992,3954.003194
France,energy_use,1993,4001.901525
France,energy_use,1994,3836.112351
France,energy_use,1995,3981.352509
France,energy_use,1996,4191.923833
France,energy_use,1997,4049.232508
France,energy_use,1998,4151.627195
France,energy_use,1999,4123.526271
France,energy_use,2000,4135.477644
France,energy_use,2001,4246.004942
France,energy_use,2002,4225.467969
France,energy_use,2003,4270.949456
France,energy_use,2004,4301.737225
France,energy_use,2005,4287.157413
France,energy_use,2006,4188.84293
France,energy_use,2007,4115.527368
France,energy_use,2008,4110.585659
France,energy_use,2009,3913.457639
France,energy_use,2010,4016.847947
France,energy_use,2011,3847.072729
France,energy_use,2012,3836.656592
France,energy_use,2013,3833.534143
France,energy_use,2014,3658.865268
France,energy_use,2015,3689.517767
France,energy_use,2016,NA
France,energy_use,2017,NA
Germany,energy_use,1991,4302.891175
Germany,energy_use,1992,4190.98422
Germany,energy_use,1993,4122.69574
Germany,energy_use,1994,4088.79813
Germany,energy_use,1995,4119.688948
Germany,energy_use,1996,4246.553191
Germany,energy_use,1997,4203.357367
Germany,energy_use,1998,4177.294129
Germany,energy_use,1999,4079.933344
Germany,energy_use,2000,4094.06036
Germany,energy_use,2001,4209.796087
Germany,energy_use,2002,4108.401299
Germany,energy_use,2003,4084.503346
Germany,energy_use,2004,4114.389928
Germany,energy_use,2005,4086.503407
Germany,energy_use,2006,4204.654689
Germany,energy_use,2007,3985.811955
Germany,energy_use,2008,4036.830781
Germany,energy_use,2009,3790.501152
Germany,energy_use,2010,3997.079421
Germany,energy_use,2011,3869.816229
Germany,energy_use,2012,3876.948104
Germany,energy_use,2013,3939.529563
Germany,energy_use,2014,3779.461921
Germany,energy_use,2015,3817.549415
Germany,energy_use,2016,NA
Germany,energy_use,2017,NA
India,energy_use,1991,357.36676
India,energy_use,1992,363.0783456
India,energy_use,1993,364.5145018
India,energy_use,1994,371.2259129
India,energy_use,1995,385.0918566
India,energy_use,1996,389.426518
India,energy_use,1997,397.3781847
India,energy_use,1998,399.4988312
India,energy_use,1999,414.9624918
India,energy_use,2000,417.2875886
India,energy_use,2001,416.0144443
India,energy_use,2002,421.2704901
India,energy_use,2003,424.2943456
India,energy_use,2004,439.7030084
India,energy_use,2005,449.7658559
India,energy_use,2006,466.1382611
India,energy_use,2007,485.0996282
India,energy_use,2008,501.5596349
India,energy_use,2009,544.6265982
India,energy_use,2010,561.6534027
India,energy_use,2011,577.9940611
India,energy_use,2012,599.1544142
India,energy_use,2013,605.7921412
India,energy_use,2014,636.5701556
India,energy_use,2015,NA
India,energy_use,2016,NA
India,energy_use,2017,NA
Indonesia,energy_use,1991,560.5884132
Indonesia,energy_use,1992,574.5652283
Indonesia,energy_use,1993,620.8025232
Indonesia,energy_use,1994,611.7950224
Indonesia,energy_use,1995,664.4369192
Indonesia,energy_use,1996,678.317834
Indonesia,energy_use,1997,691.0022868
Indonesia,energy_use,1998,666.3706447
Indonesia,energy_use,1999,688.3733896
Indonesia,energy_use,2000,735.9134207
Indonesia,energy_use,2001,742.9706995
Indonesia,energy_use,2002,760.1677157
Indonesia,energy_use,2003,752.1128926
Indonesia,energy_use,2004,791.0908132
Indonesia,energy_use,2005,794.4100006
Indonesia,energy_use,2006,802.3545286
Indonesia,energy_use,2007,788.0726283
Indonesia,energy_use,2008,793.1000329
Indonesia,energy_use,2009,845.9972119
Indonesia,energy_use,2010,877.0756528
Indonesia,energy_use,2011,833.5620289
Indonesia,energy_use,2012,853.2083446
Indonesia,energy_use,2013,863.8176284
Indonesia,energy_use,2014,883.9182941
Indonesia,energy_use,2015,NA
Indonesia,energy_use,2016,NA
Indonesia,energy_use,2017,NA
Italy,energy_use,1991,2645.673237
Italy,energy_use,1992,2627.340008
Italy,energy_use,1993,2611.990438
Italy,energy_use,1994,2578.465978
Italy,energy_use,1995,2799.375762
Italy,energy_use,1996,2796.154736
Italy,energy_use,1997,2834.402946
Italy,energy_use,1998,2912.947365
Italy,energy_use,1999,2957.311486
Italy,energy_use,2000,3012.195
Italy,energy_use,2001,3020.621195
Italy,energy_use,2002,3037.266965
Italy,energy_use,2003,3168.529021
Italy,energy_use,2004,3169.932642
Italy,energy_use,2005,3214.674121
Italy,energy_use,2006,3175.799871
Italy,energy_use,2007,3149.576553
Italy,energy_use,2008,3087.566331
Italy,energy_use,2009,2869.920712
Italy,energy_use,2010,2930.588524
Italy,energy_use,2011,2828.404891
Italy,energy_use,2012,2709.297728
Italy,energy_use,2013,2579.472543
Italy,energy_use,2014,2414.484002
Italy,energy_use,2015,2481.754645
Italy,energy_use,2016,NA
Italy,energy_use,2017,NA
Japan,energy_use,1991,3575.246092
Japan,energy_use,1992,3649.944321
Japan,energy_use,1993,3664.568358
Japan,energy_use,1994,3850.962444
Japan,energy_use,1995,3935.994754
Japan,energy_use,1996,4008.476236
Japan,energy_use,1997,4041.16767
Japan,energy_use,1998,3955.627627
Japan,energy_use,1999,4011.224779
Japan,energy_use,2000,4083.831697
Japan,energy_use,2001,4008.268032
Japan,energy_use,2002,3991.977567
Japan,energy_use,2003,3953.184508
Japan,energy_use,2004,4078.210542
Japan,energy_use,2005,4062.979049
Japan,energy_use,2006,4053.883437
Japan,energy_use,2007,4012.654245
Japan,energy_use,2008,3858.434521
Japan,energy_use,2009,3678.511133
Japan,energy_use,2010,3893.266604
Japan,energy_use,2011,3610.812169
Japan,energy_use,2012,3537.36317
Japan,energy_use,2013,3567.629354
Japan,energy_use,2014,3470.763129
Japan,energy_use,2015,3428.557216
Japan,energy_use,2016,NA
Japan,energy_use,2017,NA
"Korea, Rep.",energy_use,1991,2306.643472
"Korea, Rep.",energy_use,1992,2534.341028
"Korea, Rep.",energy_use,1993,2814.188231
"Korea, Rep.",energy_use,1994,2958.40773
"Korea, Rep.",energy_use,1995,3210.132036
"Korea, Rep.",energy_use,1996,3454.854851
"Korea, Rep.",energy_use,1997,3726.157766
"Korea, Rep.",energy_use,1998,3377.635074
"Korea, Rep.",energy_use,1999,3708.705213
"Korea, Rep.",energy_use,2000,4002.671284
"Korea, Rep.",energy_use,2001,4033.318968
"Korea, Rep.",energy_use,2002,4170.476147
"Korea, Rep.",energy_use,2003,4233.487325
"Korea, Rep.",energy_use,2004,4332.667741
"Korea, Rep.",energy_use,2005,4364.219091
"Korea, Rep.",energy_use,2006,4412.527118
"Korea, Rep.",energy_use,2007,4564.98783
"Korea, Rep.",energy_use,2008,4629.777921
"Korea, Rep.",energy_use,2009,4649.765742
"Korea, Rep.",energy_use,2010,5045.487749
"Korea, Rep.",energy_use,2011,5216.587809
"Korea, Rep.",energy_use,2012,5248.519891
"Korea, Rep.",energy_use,2013,5231.67546
"Korea, Rep.",energy_use,2014,5289.275832
"Korea, Rep.",energy_use,2015,5413.347857
"Korea, Rep.",energy_use,2016,NA
"Korea, Rep.",energy_use,2017,NA
Mexico,energy_use,1991,1518.489241
Mexico,energy_use,1992,1503.678088
Mexico,energy_use,1993,1502.215639
Mexico,energy_use,1994,1509.93925
Mexico,energy_use,1995,1437.64696
Mexico,energy_use,1996,1445.933668
Mexico,energy_use,1997,1498.001977
Mexico,energy_use,1998,1516.610708
Mexico,energy_use,1999,1537.522483
Mexico,energy_use,2000,1516.635855
Mexico,energy_use,2001,1548.316139
Mexico,energy_use,2002,1534.721851
Mexico,energy_use,2003,1603.937485
Mexico,energy_use,2004,1599.161247
Mexico,energy_use,2005,1685.099674
Mexico,energy_use,2006,1698.585358
Mexico,energy_use,2007,1662.602596
Mexico,energy_use,2008,1621.264979
Mexico,energy_use,2009,1599.516696
Mexico,energy_use,2010,1531.756941
Mexico,energy_use,2011,1587.072002
Mexico,energy_use,2012,1634.697432
Mexico,energy_use,2013,1616.613604
Mexico,energy_use,2014,1561.873458
Mexico,energy_use,2015,1537.261324
Mexico,energy_use,2016,NA
Mexico,energy_use,2017,NA
Netherlands,energy_use,1991,4603.733175
Netherlands,energy_use,1992,4502.54008
Netherlands,energy_use,1993,4510.582152
Netherlands,energy_use,1994,4511.794963
Netherlands,energy_use,1995,4780.412596
Netherlands,energy_use,1996,5014.98883
Netherlands,energy_use,1997,4835.741945
Netherlands,energy_use,1998,4842.443938
Netherlands,energy_use,1999,4730.229683
Netherlands,energy_use,2000,4739.065925
Netherlands,energy_use,2001,4839.46553
Netherlands,energy_use,2002,4873.261626
Netherlands,energy_use,2003,5020.381932
Netherlands,energy_use,2004,5085.885701
Netherlands,energy_use,2005,4989.46793
Netherlands,energy_use,2006,4925.112417
Netherlands,energy_use,2007,4908.898261
Netherlands,energy_use,2008,4848.01369
Netherlands,energy_use,2009,4722.106039
Netherlands,energy_use,2010,5025.320916
Netherlands,energy_use,2011,4636.701904
Netherlands,energy_use,2012,4646.255241
Netherlands,energy_use,2013,4600.182976
Netherlands,energy_use,2014,4325.523712
Netherlands,energy_use,2015,4233.043857
Netherlands,energy_use,2016,NA
Netherlands,energy_use,2017,NA
Spain,energy_use,1991,2397.714173
Spain,energy_use,1992,2430.374523
Spain,energy_use,1993,2318.982989
Spain,energy_use,1994,2436.012362
Spain,energy_use,1995,2537.07268
Spain,energy_use,1996,2489.340422
Spain,energy_use,1997,2634.649128
Spain,energy_use,1998,2756.218907
Spain,energy_use,1999,2877.982414
Spain,energy_use,2000,3003.761672
Spain,energy_use,2001,3060.881809
Spain,energy_use,2002,3107.867341
Spain,energy_use,2003,3157.227264
Spain,energy_use,2004,3238.502447
Spain,energy_use,2005,3251.397133
Spain,energy_use,2006,3194.081246
Spain,energy_use,2007,3180.03342
Spain,energy_use,2008,3026.338408
Spain,energy_use,2009,2757.691412
Spain,energy_use,2010,2742.877182
Spain,energy_use,2011,2689.684337
Spain,energy_use,2012,2683.367935
Spain,energy_use,2013,2512.105919
Spain,energy_use,2014,2464.641291
Spain,energy_use,2015,2571.340962
Spain,energy_use,2016,NA
Spain,energy_use,2017,NA
United Kingdom,energy_use,1991,3707.951971
United Kingdom,energy_use,1992,3684.724535
United Kingdom,energy_use,1993,3713.185819
United Kingdom,energy_use,1994,3732.521114
United Kingdom,energy_use,1995,3728.963152
United Kingdom,energy_use,1996,3879.822786
United Kingdom,energy_use,1997,3760.712365
United Kingdom,energy_use,1998,3787.108452
United Kingdom,energy_use,1999,3784.074088
United Kingdom,energy_use,2000,3785.753126
United Kingdom,energy_use,2001,3784.928174
United Kingdom,energy_use,2002,3685.869487
United Kingdom,energy_use,2003,3731.609718
United Kingdom,energy_use,2004,3694.478595
United Kingdom,energy_use,2005,3686.359905
United Kingdom,energy_use,2006,3598.810406
United Kingdom,energy_use,2007,3441.640219
United Kingdom,energy_use,2008,3361.980517
United Kingdom,energy_use,2009,3145.585662
United Kingdom,energy_use,2010,3230.615984
United Kingdom,energy_use,2011,2972.14799
United Kingdom,energy_use,2012,3042.855811
United Kingdom,energy_use,2013,2987.702778
United Kingdom,energy_use,2014,2776.844098
United Kingdom,energy_use,2015,2763.980058
United Kingdom,energy_use,2016,NA
United Kingdom,energy_use,2017,NA
United States,energy_use,1991,7631.467806
United States,energy_use,1992,7677.401401
United States,energy_use,1993,7709.496589
United States,energy_use,1994,7757.830822
United States,energy_use,1995,7763.755106
United States,energy_use,1996,7844.468266
United States,energy_use,1997,7828.581096
United States,energy_use,1998,7803.697605
United States,energy_use,1999,7923.223893
United States,energy_use,2000,8056.86385
United States,energy_use,2001,7827.886325
United States,energy_use,2002,7843.344849
United States,energy_use,2003,7794.23553
United States,energy_use,2004,7881.578642
United States,energy_use,2005,7846.499688
United States,energy_use,2006,7697.652535
United States,energy_use,2007,7758.165986
United States,energy_use,2008,7488.081921
United States,energy_use,2009,7056.783653
United States,energy_use,2010,7161.451046
United States,energy_use,2011,7030.032938
United States,energy_use,2012,6872.102687
United States,energy_use,2013,6905.647138
United States,energy_use,2014,6960.681985
United States,energy_use,2015,6803.918564
United States,energy_use,2016,NA
United States,energy_use,2017,NA
Austria,energy_use,1991,3415.173082
Austria,energy_use,1992,3245.592076
Austria,energy_use,1993,3255.784704
Austria,energy_use,1994,3234.492985
Austria,energy_use,1995,3373.603565
Austria,energy_use,1996,3580.420798
Austria,energy_use,1997,3550.404171
Austria,energy_use,1998,3606.610379
Austria,energy_use,1999,3591.809466
Austria,energy_use,2000,3570.498826
Austria,energy_use,2001,3758.457569
Austria,energy_use,2002,3773.651728
Austria,energy_use,2003,3973.624327
Austria,energy_use,2004,4007.569904
Austria,energy_use,2005,4085.567651
Austria,energy_use,2006,4078.812226
Austria,energy_use,2007,4019.59017
Austria,energy_use,2008,4032.148426
Austria,energy_use,2009,3798.151168
Austria,energy_use,2010,4051.19602
Austria,energy_use,2011,3921.900515
Austria,energy_use,2012,3886.767732
Austria,energy_use,2013,3919.044419
Austria,energy_use,2014,3763.327903
Austria,energy_use,2015,3800.29942
Austria,energy_use,2016,NA
Austria,energy_use,2017,NA
Belgium,energy_use,1991,5006.004706
Belgium,energy_use,1992,5040.67044
Belgium,energy_use,1993,4902.269974
Belgium,energy_use,1994,5186.186627
Belgium,energy_use,1995,5267.670671
Belgium,energy_use,1996,5536.471275
Belgium,energy_use,1997,5523.459164
Belgium,energy_use,1998,5603.160264
Belgium,energy_use,1999,5612.714676
Belgium,energy_use,2000,5669.358176
Belgium,energy_use,2001,5634.215487
Belgium,energy_use,2002,5390.719733
Belgium,energy_use,2003,5590.025976
Belgium,energy_use,2004,5592.98875
Belgium,energy_use,2005,5555.615784
Belgium,energy_use,2006,5470.491824
Belgium,energy_use,2007,5336.963212
Belgium,energy_use,2008,5454.667159
Belgium,energy_use,2009,5196.581983
Belgium,energy_use,2010,5539.472223
Belgium,energy_use,2011,5092.316147
Belgium,energy_use,2012,4845.488295
Belgium,energy_use,2013,4997.463306
Belgium,energy_use,2014,4708.221218
Belgium,energy_use,2015,4687.787049
Belgium,energy_use,2016,NA
Belgium,energy_use,2017,NA
Canada,energy_use,1991,7517.330304
Canada,energy_use,1992,7601.685177
Canada,energy_use,1993,7770.546448
Canada,energy_use,1994,7957.245633
Canada,energy_use,1995,7979.898446
Canada,energy_use,1996,8053.454858
Canada,energy_use,1997,8056.243628
Canada,energy_use,1998,7948.397278
Canada,energy_use,1999,8107.515156
Canada,energy_use,2000,8265.079925
Canada,energy_use,2001,8056.349425
Canada,energy_use,2002,7993.879384
Canada,energy_use,2003,8341.343144
Canada,energy_use,2004,8455.547014
Canada,energy_use,2005,8422.034308
Canada,energy_use,2006,8239.946371
Canada,energy_use,2007,8213.389543
Canada,energy_use,2008,8194.880771
Canada,energy_use,2009,7797.121136
Canada,energy_use,2010,7788.560786
Canada,energy_use,2011,7911.554588
Canada,energy_use,2012,7733.411655
Canada,energy_use,2013,7743.725742
Canada,energy_use,2014,7897.855615
Canada,energy_use,2015,7631.34157
Canada,energy_use,2016,NA
Canada,energy_use,2017,NA
Chile,energy_use,1991,1061.487524
Chile,energy_use,1992,1129.087126
Chile,energy_use,1993,1138.481013
Chile,energy_use,1994,1204.921737
Chile,energy_use,1995,1275.428128
Chile,energy_use,1996,1392.712737
Chile,energy_use,1997,1538.528508
Chile,energy_use,1998,1572.720184
Chile,energy_use,1999,1650.611365
Chile,energy_use,2000,1640.410373
Chile,energy_use,2001,1591.725518
Chile,energy_use,2002,1630.125241
Chile,energy_use,2003,1629.899824
Chile,energy_use,2004,1717.859495
Chile,energy_use,2005,1752.727616
Chile,energy_use,2006,1805.221118
Chile,energy_use,2007,1852.505249
Chile,energy_use,2008,1815.207845
Chile,energy_use,2009,1748.328486
Chile,energy_use,2010,1807.915658
Chile,energy_use,2011,1950.23836
Chile,energy_use,2012,2138.299368
Chile,energy_use,2013,2202.11522
Chile,energy_use,2014,2032.934757
Chile,energy_use,2015,2005.551062
Chile,energy_use,2016,NA
Chile,energy_use,2017,NA
Czech Republic,energy_use,1991,4349.236238
Czech Republic,energy_use,1992,4222.416576
Czech Republic,energy_use,1993,4089.408515
Czech Republic,energy_use,1994,3963.314094
Czech Republic,energy_use,1995,4019.804879
Czech Republic,energy_use,1996,4152.938259
Czech Republic,energy_use,1997,4184.884684
Czech Republic,energy_use,1998,4057.405827
Czech Republic,energy_use,1999,3782.889207
Czech Republic,energy_use,2000,3988.038494
Czech Republic,energy_use,2001,4111.152482
Czech Republic,energy_use,2002,4163.450106
Czech Republic,energy_use,2003,4357.572662
Czech Republic,energy_use,2004,4460.259931
Czech Republic,energy_use,2005,4400.878113
Czech Republic,energy_use,2006,4491.516134
Czech Republic,energy_use,2007,4468.960352
Czech Republic,energy_use,2008,4330.712691
Czech Republic,energy_use,2009,4034.74351
Czech Republic,energy_use,2010,4237.896741
Czech Republic,energy_use,2011,4077.356059
Czech Republic,energy_use,2012,4054.085018
Czech Republic,energy_use,2013,3989.991414
Czech Republic,energy_use,2014,3915.113582
Czech Republic,energy_use,2015,3860.002964
Czech Republic,energy_use,2016,NA
Czech Republic,energy_use,2017,NA
Denmark,energy_use,1991,3734.818398
Denmark,energy_use,1992,3561.890369
Denmark,energy_use,1993,3645.515346
Denmark,energy_use,1994,3760.577237
Denmark,energy_use,1995,3706.440187
Denmark,energy_use,1996,4170.252024
Denmark,energy_use,1997,3848.155844
Denmark,energy_use,1998,3772.110277
Denmark,energy_use,1999,3602.670638
Denmark,energy_use,2000,3489.614796
Denmark,energy_use,2001,3583.955723
Denmark,energy_use,2002,3535.098014
Denmark,energy_use,2003,3727.834179
Denmark,energy_use,2004,3597.17296
Denmark,energy_use,2005,3487.631914
Denmark,energy_use,2006,3728.171039
Denmark,energy_use,2007,3622.596833
Denmark,energy_use,2008,3501.513847
Denmark,energy_use,2009,3329.211067
Denmark,energy_use,2010,3510.79685
Denmark,energy_use,2011,3230.188031
Denmark,energy_use,2012,3091.58158
Denmark,energy_use,2013,3125.33776
Denmark,energy_use,2014,2872.573547
Denmark,energy_use,2015,2816.614565
Denmark,energy_use,2016,NA
Denmark,energy_use,2017,NA
Finland,energy_use,1991,5742.784229
Finland,energy_use,1992,5380.993068
Finland,energy_use,1993,5617.215378
Finland,energy_use,1994,5972.554273
Finland,energy_use,1995,5661.903876
Finland,energy_use,1996,6070.212094
Finland,energy_use,1997,6276.951692
Finland,energy_use,1998,6319.326601
Finland,energy_use,1999,6283.958258
Finland,energy_use,2000,6262.192079
Finland,energy_use,2001,6410.625234
Finland,energy_use,2002,6728.581405
Finland,energy_use,2003,7077.026649
Finland,energy_use,2004,7134.854209
Finland,energy_use,2005,6562.022311
Finland,energy_use,2006,7111.856822
Finland,energy_use,2007,6974.896761
Finland,energy_use,2008,6669.173348
Finland,energy_use,2009,6268.300545
Finland,energy_use,2010,6828.783753
Finland,energy_use,2011,6537.637298
Finland,energy_use,2012,6275.770964
Finland,energy_use,2013,6116.227294
Finland,energy_use,2014,6213.357766
Finland,energy_use,2015,5924.700125
Finland,energy_use,2016,NA
Finland,energy_use,2017,NA
Greece,energy_use,1991,2094.621503
Greece,energy_use,1992,2129.894516
Greece,energy_use,1993,2090.762365
Greece,energy_use,1994,2138.251953
Greece,energy_use,1995,2147.136479
Greece,energy_use,1996,2206.103895
Greece,energy_use,1997,2282.137035
Greece,energy_use,1998,2389.793153
Greece,energy_use,1999,2390.082866
Greece,energy_use,2000,2506.639948
Greece,energy_use,2001,2578.112105
Greece,energy_use,2002,2597.748289
Greece,energy_use,2003,2666.453637
Greece,energy_use,2004,2711.46679
Greece,energy_use,2005,2753.051201
Greece,energy_use,2006,2742.629961
Greece,energy_use,2007,2734.755835
Greece,energy_use,2008,2745.493459
Greece,energy_use,2009,2649.661201
Greece,energy_use,2010,2482.110116
Greece,energy_use,2011,2407.762736
Greece,energy_use,2012,2403.230472
Greece,energy_use,2013,2128.010669
Greece,energy_use,2014,2123.897891
Greece,energy_use,2015,2182.071093
Greece,energy_use,2016,NA
Greece,energy_use,2017,NA
Iceland,energy_use,1991,8054.356723
Iceland,energy_use,1992,7755.394416
Iceland,energy_use,1993,8249.536449
Iceland,energy_use,1994,8293.412926
Iceland,energy_use,1995,8255.768914
Iceland,energy_use,1996,8847.785182
Iceland,energy_use,1997,8584.100499
Iceland,energy_use,1998,9036.654297
Iceland,energy_use,1999,10038.31192
Iceland,energy_use,2000,11091.54887
Iceland,energy_use,2001,10589.46619
Iceland,energy_use,2002,10804.64172
Iceland,energy_use,2003,10731.32864
Iceland,energy_use,2004,10524.2507
Iceland,energy_use,2005,10524.8775
Iceland,energy_use,2006,12734.00662
Iceland,energy_use,2007,14746.03134
Iceland,energy_use,2008,16353.83127
Iceland,energy_use,2009,16911.07978
Iceland,energy_use,2010,17023.16682
Iceland,energy_use,2011,18157.5981
Iceland,energy_use,2012,17630.07147
Iceland,energy_use,2013,18178.13901
Iceland,energy_use,2014,17916.12042
Iceland,energy_use,2015,17478.89304
Iceland,energy_use,2016,NA
Iceland,energy_use,2017,NA
Ireland,energy_use,1991,2827.844498
Ireland,energy_use,1992,2775.218003
Ireland,energy_use,1993,2813.710465
Ireland,energy_use,1994,2941.613242
Ireland,energy_use,1995,2951.913093
Ireland,energy_use,1996,3122.335609
Ireland,energy_use,1997,3255.498451
Ireland,energy_use,1998,3417.568527
Ireland,energy_use,1999,3544.387616
Ireland,energy_use,2000,3626.747161
Ireland,energy_use,2001,3713.513869
Ireland,energy_use,2002,3661.322241
Ireland,energy_use,2003,3515.094503
Ireland,energy_use,2004,3558.085941
Ireland,energy_use,2005,3503.642864
Ireland,energy_use,2006,3424.160852
Ireland,energy_use,2007,3416.030946
Ireland,energy_use,2008,3293.884635
Ireland,energy_use,2009,3149.565141
Ireland,energy_use,2010,3152.003605
Ireland,energy_use,2011,2865.37474
Ireland,energy_use,2012,2853.064865
Ireland,energy_use,2013,2814.98269
Ireland,energy_use,2014,2741.574884
Ireland,energy_use,2015,2819.875852
Ireland,energy_use,2016,NA
Ireland,energy_use,2017,NA
Hungary,energy_use,1991,2642.922571
Hungary,energy_use,1992,2423.179448
Hungary,energy_use,1993,2481.448412
Hungary,energy_use,1994,2406.688352
Hungary,energy_use,1995,2503.077801
Hungary,energy_use,1996,2572.974361
Hungary,energy_use,1997,2527.301626
Hungary,energy_use,1998,2502.204047
Hungary,energy_use,1999,2490.712604
Hungary,energy_use,2000,2448.140338
Hungary,energy_use,2001,2512.67485
Hungary,energy_use,2002,2520.152466
Hungary,energy_use,2003,2580.207496
Hungary,energy_use,2004,2579.291721
Hungary,energy_use,2005,2731.039703
Hungary,energy_use,2006,2713.257084
Hungary,energy_use,2007,2658.036373
Hungary,energy_use,2008,2636.646773
Hungary,energy_use,2009,2478.1017
Hungary,energy_use,2010,2568.948991
Hungary,energy_use,2011,2500.321359
Hungary,energy_use,2012,2365.553697
Hungary,energy_use,2013,2271.947205
Hungary,energy_use,2014,2314.496434
Hungary,energy_use,2015,2432.751791
Hungary,energy_use,2016,NA
Hungary,energy_use,2017,NA
New Zealand,energy_use,1991,3763.814483
New Zealand,energy_use,1992,3808.477221
New Zealand,energy_use,1993,3967.87134
New Zealand,energy_use,1994,4055.200552
New Zealand,energy_use,1995,4053.690586
New Zealand,energy_use,1996,4131.236334
New Zealand,energy_use,1997,4258.756777
New Zealand,energy_use,1998,4162.869201
New Zealand,energy_use,1999,4307.930432
New Zealand,energy_use,2000,4430.227856
New Zealand,energy_use,2001,4407.618864
New Zealand,energy_use,2002,4337.380524
New Zealand,energy_use,2003,4197.593862
New Zealand,energy_use,2004,4239.645749
New Zealand,energy_use,2005,4095.143085
New Zealand,energy_use,2006,4047.318023
New Zealand,energy_use,2007,4054.495004
New Zealand,energy_use,2008,4082.723367
New Zealand,energy_use,2009,4073.238042
New Zealand,energy_use,2010,4225.094582
New Zealand,energy_use,2011,4177.025547
New Zealand,energy_use,2012,4357.809714
New Zealand,energy_use,2013,4360.305936
New Zealand,energy_use,2014,4559.892232
New Zealand,energy_use,2015,4444.725287
New Zealand,energy_use,2016,NA
New Zealand,energy_use,2017,NA
Portugal,energy_use,1991,1703.316438
Portugal,energy_use,1992,1813.885846
Portugal,energy_use,1993,1786.451941
Portugal,energy_use,1994,1827.696673
Portugal,energy_use,1995,2014.0205
Portugal,energy_use,1996,1986.836971
Portugal,energy_use,1997,2083.487676
Portugal,energy_use,1998,2240.067318
Portugal,energy_use,1999,2390.494731
Portugal,energy_use,2000,2390.097939
Portugal,energy_use,2001,2391.228193
Portugal,energy_use,2002,2477.48975
Portugal,energy_use,2003,2400.765918
Portugal,energy_use,2004,2462.985059
Portugal,energy_use,2005,2519.004925
Portugal,energy_use,2006,2390.324614
Portugal,energy_use,2007,2402.426395
Portugal,energy_use,2008,2337.271387
Portugal,energy_use,2009,2304.026675
Portugal,energy_use,2010,2222.629692
Portugal,energy_use,2011,2163.982113
Portugal,energy_use,2012,2039.011896
Portugal,energy_use,2013,2057.86133
Portugal,energy_use,2014,2034.51263
Portugal,energy_use,2015,2131.681888
Portugal,energy_use,2016,NA
Portugal,energy_use,2017,NA
Singapore,energy_use,1991,4167.365585
Singapore,energy_use,1992,4588.845506
Singapore,energy_use,1993,5487.608915
Singapore,energy_use,1994,6460.481982
Singapore,energy_use,1995,5346.875562
Singapore,energy_use,1996,5359.409803
Singapore,energy_use,1997,5818.349026
Singapore,energy_use,1998,5083.249623
Singapore,energy_use,1999,4587.493492
Singapore,energy_use,2000,4634.72585
Singapore,energy_use,2001,5145.885754
Singapore,energy_use,2002,5065.984507
Singapore,energy_use,2003,6216.739177
Singapore,energy_use,2004,7370.652877
Singapore,energy_use,2005,5055.96632
Singapore,energy_use,2006,5264.398658
Singapore,energy_use,2007,4677.204306
Singapore,energy_use,2008,5094.135714
Singapore,energy_use,2009,4257.776277
Singapore,energy_use,2010,5006.620992
Singapore,energy_use,2011,5069.171794
Singapore,energy_use,2012,4898.330465
Singapore,energy_use,2013,4880.40607
Singapore,energy_use,2014,5121.804318
Singapore,energy_use,2015,NA
Singapore,energy_use,2016,NA
Singapore,energy_use,2017,NA
South Africa,energy_use,1991,2518.117975
South Africa,energy_use,1992,2290.666724
South Africa,energy_use,1993,2395.381436
South Africa,energy_use,1994,2420.083232
South Africa,energy_use,1995,2498.893806
South Africa,energy_use,1996,2504.902877
South Africa,energy_use,1997,2527.93988
South Africa,energy_use,1998,2471.476979
South Africa,energy_use,1999,2464.323805
South Africa,energy_use,2000,2424.881562
South Africa,energy_use,2001,2461.026369
South Africa,energy_use,2002,2384.137081
South Africa,energy_use,2003,2518.333171
South Africa,energy_use,2004,2716.293461
South Africa,energy_use,2005,2678.553889
South Africa,energy_use,2006,2625.795062
South Africa,energy_use,2007,2775.615654
South Africa,energy_use,2008,2950.153669
South Africa,energy_use,2009,2852.095561
South Africa,energy_use,2010,2768.094669
South Africa,energy_use,2011,2716.659598
South Africa,energy_use,2012,2636.617553
South Africa,energy_use,2013,2602.743258
South Africa,energy_use,2014,2695.416479
South Africa,energy_use,2015,NA
South Africa,energy_use,2016,NA
South Africa,energy_use,2017,NA
Sweden,energy_use,1991,5650.541377
Sweden,energy_use,1992,5369.370357
Sweden,energy_use,1993,5334.166498
Sweden,energy_use,1994,5660.271423
Sweden,energy_use,1995,5702.165043
Sweden,energy_use,1996,5825.097913
Sweden,energy_use,1997,5672.008177
Sweden,energy_use,1998,5769.695064
Sweden,energy_use,1999,5661.491459
Sweden,energy_use,2000,5360.145147
Sweden,energy_use,2001,5680.280487
Sweden,energy_use,2002,5802.110105
Sweden,energy_use,2003,5650.43805
Sweden,energy_use,2004,5847.344163
Sweden,energy_use,2005,5711.127283
Sweden,energy_use,2006,5529.077953
Sweden,energy_use,2007,5472.135392
Sweden,energy_use,2008,5379.959103
Sweden,energy_use,2009,4883.20049
Sweden,energy_use,2010,5427.925046
Sweden,energy_use,2011,5274.643613
Sweden,energy_use,2012,5269.485998
Sweden,energy_use,2013,5146.53359
Sweden,energy_use,2014,4966.435921
Sweden,energy_use,2015,5102.785578
Sweden,energy_use,2016,NA
Sweden,energy_use,2017,NA
Australia,population,1991,17284000
Australia,population,1992,17495000
Australia,population,1993,17667000
Australia,population,1994,17855000
Australia,population,1995,18072000
Australia,population,1996,18311000
Australia,population,1997,18517000
Australia,population,1998,18711000
Australia,population,1999,18926000
Australia,population,2000,19153000
Australia,population,2001,19413000
Australia,population,2002,19651400
Australia,population,2003,19895400
Australia,population,2004,20127400
Australia,population,2005,20394800
Australia,population,2006,20697900
Australia,population,2007,20827600
Australia,population,2008,21249200
Australia,population,2009,21691700
Australia,population,2010,22031750
Australia,population,2011,22340024
Australia,population,2012,22733465
Australia,population,2013,23128129
Australia,population,2014,23475686
Australia,population,2015,23815995
Australia,population,2016,24190907
Australia,population,2017,24601860
Brazil,population,1991,151648011
Brazil,population,1992,154259380
Brazil,population,1993,156849078
Brazil,population,1994,159432716
Brazil,population,1995,162019896
Brazil,population,1996,164614688
Brazil,population,1997,167209040
Brazil,population,1998,169785250
Brazil,population,1999,172318675
Brazil,population,2000,174790340
Brazil,population,2001,177196054
Brazil,population,2002,179537520
Brazil,population,2003,181809246
Brazil,population,2004,184006481
Brazil,population,2005,186127103
Brazil,population,2006,188167356
Brazil,population,2007,190130443
Brazil,population,2008,192030362
Brazil,population,2009,193886508
Brazil,population,2010,195713635
Brazil,population,2011,197514534
Brazil,population,2012,199287296
Brazil,population,2013,201035903
Brazil,population,2014,202763735
Brazil,population,2015,204471769
Brazil,population,2016,206163058
Brazil,population,2017,207833831
China,population,1991,1150780000
China,population,1992,1164970000
China,population,1993,1178440000
China,population,1994,1191835000
China,population,1995,1204855000
China,population,1996,1217550000
China,population,1997,1230075000
China,population,1998,1241935000
China,population,1999,1252735000
China,population,2000,1262645000
China,population,2001,1271850000
China,population,2002,1280400000
China,population,2003,1288400000
China,population,2004,1296075000
China,population,2005,1303720000
China,population,2006,1311020000
China,population,2007,1317885000
China,population,2008,1324655000
China,population,2009,1331260000
China,population,2010,1337705000
China,population,2011,1344130000
China,population,2012,1350695000
China,population,2013,1357380000
China,population,2014,1364270000
China,population,2015,1371220000
China,population,2016,1378665000
China,population,2017,1386395000
France,population,1991,58559311
France,population,1992,58851217
France,population,1993,59106768
France,population,1994,59327192
France,population,1995,59541899
France,population,1996,59753100
France,population,1997,59964851
France,population,1998,60186288
France,population,1999,60496718
France,population,2000,60912500
France,population,2001,61357430
France,population,2002,61805267
France,population,2003,62244886
France,population,2004,62704895
France,population,2005,63179351
France,population,2006,63621381
France,population,2007,64016225
France,population,2008,64374984
France,population,2009,64707040
France,population,2010,65027507
France,population,2011,65342780
France,population,2012,65659809
France,population,2013,65998687
France,population,2014,66316100
France,population,2015,66593366
France,population,2016,66859768
France,population,2017,66865144
Germany,population,1991,80013896
Germany,population,1992,80624598
Germany,population,1993,81156363
Germany,population,1994,81438348
Germany,population,1995,81678051
Germany,population,1996,81914831
Germany,population,1997,82034771
Germany,population,1998,82047195
Germany,population,1999,82100243
Germany,population,2000,82211508
Germany,population,2001,82349925
Germany,population,2002,82488495
Germany,population,2003,82534176
Germany,population,2004,82516260
Germany,population,2005,82469422
Germany,population,2006,82376451
Germany,population,2007,82266372
Germany,population,2008,82110097
Germany,population,2009,81902307
Germany,population,2010,81776930
Germany,population,2011,80274983
Germany,population,2012,80425823
Germany,population,2013,80645605
Germany,population,2014,80982500
Germany,population,2015,81686611
Germany,population,2016,82348669
Germany,population,2017,82657002
India,population,1991,891273209
India,population,1992,909307016
India,population,1993,927403860
India,population,1994,945601831
India,population,1995,963922588
India,population,1996,982365243
India,population,1997,1000900030
India,population,1998,1019483581
India,population,1999,1038058156
India,population,2000,1056575549
India,population,2001,1075000085
India,population,2002,1093317189
India,population,2003,1111523144
India,population,2004,1129623456
India,population,2005,1147609927
India,population,2006,1165486291
India,population,2007,1183209472
India,population,2008,1200669765
India,population,2009,1217726215
India,population,2010,1234281170
India,population,2011,1250288729
India,population,2012,1265782790
India,population,2013,1280846129
India,population,2014,1295604184
India,population,2015,1310152403
India,population,2016,1324509589
India,population,2017,1338658835
Indonesia,population,1991,184591903
Indonesia,population,1992,187739786
Indonesia,population,1993,190851175
Indonesia,population,1994,193917462
Indonesia,population,1995,196934260
Indonesia,population,1996,199901228
Indonesia,population,1997,202826446
Indonesia,population,1998,205724592
Indonesia,population,1999,208615169
Indonesia,population,2000,211513823
Indonesia,population,2001,214427417
Indonesia,population,2002,217357793
Indonesia,population,2003,220309469
Indonesia,population,2004,223285676
Indonesia,population,2005,226289470
Indonesia,population,2006,229318262
Indonesia,population,2007,232374245
Indonesia,population,2008,235469762
Indonesia,population,2009,238620563
Indonesia,population,2010,241834215
Indonesia,population,2011,245116206
Indonesia,population,2012,248452413
Indonesia,population,2013,251806402
Indonesia,population,2014,255129004
Indonesia,population,2015,258383256
Indonesia,population,2016,261554226
Indonesia,population,2017,264645886
Italy,population,1991,56758521
Italy,population,1992,56797087
Italy,population,1993,56831821
Italy,population,1994,56843400
Italy,population,1995,56844303
Italy,population,1996,56860281
Italy,population,1997,56890372
Italy,population,1998,56906744
Italy,population,1999,56916317
Italy,population,2000,56942108
Italy,population,2001,56974100
Italy,population,2002,57059007
Italy,population,2003,57313203
Italy,population,2004,57685327
Italy,population,2005,57969484
Italy,population,2006,58143979
Italy,population,2007,58438310
Italy,population,2008,58826731
Italy,population,2009,59095365
Italy,population,2010,59277417
Italy,population,2011,59379449
Italy,population,2012,59539717
Italy,population,2013,60233948
Italy,population,2014,60789140
Italy,population,2015,60730582
Italy,population,2016,60627498
Italy,population,2017,60536709
Japan,population,1991,123921000
Japan,population,1992,124229000
Japan,population,1993,124536000
Japan,population,1994,124961000
Japan,population,1995,125439000
Japan,population,1996,125757000
Japan,population,1997,126057000
Japan,population,1998,126400000
Japan,population,1999,126631000
Japan,population,2000,126843000
Japan,population,2001,127149000
Japan,population,2002,127445000
Japan,population,2003,127718000
Japan,population,2004,127761000
Japan,population,2005,127773000
Japan,population,2006,127854000
Japan,population,2007,128001000
Japan,population,2008,128063000
Japan,population,2009,128047000
Japan,population,2010,128070000
Japan,population,2011,127833000
Japan,population,2012,127629000
Japan,population,2013,127445000
Japan,population,2014,127276000
Japan,population,2015,127141000
Japan,population,2016,126994511
Japan,population,2017,126785797
"Korea, Rep.",population,1991,43295704
"Korea, Rep.",population,1992,43747962
"Korea, Rep.",population,1993,44194628
"Korea, Rep.",population,1994,44641540
"Korea, Rep.",population,1995,45092991
"Korea, Rep.",population,1996,45524681
"Korea, Rep.",population,1997,45953580
"Korea, Rep.",population,1998,46286503
"Korea, Rep.",population,1999,46616677
"Korea, Rep.",population,2000,47008111
"Korea, Rep.",population,2001,47370164
"Korea, Rep.",population,2002,47644736
"Korea, Rep.",population,2003,47892330
"Korea, Rep.",population,2004,48082519
"Korea, Rep.",population,2005,48184561
"Korea, Rep.",population,2006,48438292
"Korea, Rep.",population,2007,48683638
"Korea, Rep.",population,2008,49054708
"Korea, Rep.",population,2009,49307835
"Korea, Rep.",population,2010,49554112
"Korea, Rep.",population,2011,49936638
"Korea, Rep.",population,2012,50199853
"Korea, Rep.",population,2013,50428893
"Korea, Rep.",population,2014,50746659
"Korea, Rep.",population,2015,51014947
"Korea, Rep.",population,2016,51245707
"Korea, Rep.",population,2017,51466201
Mexico,population,1991,85512623
Mexico,population,1992,87075138
Mexico,population,1993,88625440
Mexico,population,1994,90156400
Mexico,population,1995,91663285
Mexico,population,1996,93147044
Mexico,population,1997,94611002
Mexico,population,1998,96056321
Mexico,population,1999,97484832
Mexico,population,2000,98899845
Mexico,population,2001,100298153
Mexico,population,2002,101684758
Mexico,population,2003,103081020
Mexico,population,2004,104514932
Mexico,population,2005,106005203
Mexico,population,2006,107560153
Mexico,population,2007,109170502
Mexico,population,2008,110815271
Mexico,population,2009,112463887
Mexico,population,2010,114092963
Mexico,population,2011,115695473
Mexico,population,2012,117274155
Mexico,population,2013,118827161
Mexico,population,2014,120355128
Mexico,population,2015,121858258
Mexico,population,2016,123333376
Mexico,population,2017,124777324
Netherlands,population,1991,15069798
Netherlands,population,1992,15184166
Netherlands,population,1993,15290368
Netherlands,population,1994,15382838
Netherlands,population,1995,15459006
Netherlands,population,1996,15530498
Netherlands,population,1997,15610650
Netherlands,population,1998,15707209
Netherlands,population,1999,15812088
Netherlands,population,2000,15925513
Netherlands,population,2001,16046180
Netherlands,population,2002,16148929
Netherlands,population,2003,16225302
Netherlands,population,2004,16281779
Netherlands,population,2005,16319868
Netherlands,population,2006,16346101
Netherlands,population,2007,16381696
Netherlands,population,2008,16445593
Netherlands,population,2009,16530388
Netherlands,population,2010,16615394
Netherlands,population,2011,16693074
Netherlands,population,2012,16754962
Netherlands,population,2013,16804432
Netherlands,population,2014,16865008
Netherlands,population,2015,16939923
Netherlands,population,2016,17030314
Netherlands,population,2017,17131296
Spain,population,1991,38966376
Spain,population,1992,39157685
Spain,population,1993,39361262
Spain,population,1994,39549108
Spain,population,1995,39724050
Spain,population,1996,39889852
Spain,population,1997,40057389
Spain,population,1998,40223509
Spain,population,1999,40386875
Spain,population,2000,40567864
Spain,population,2001,40850412
Spain,population,2002,41431558
Spain,population,2003,42187645
Spain,population,2004,42921895
Spain,population,2005,43653155
Spain,population,2006,44397319
Spain,population,2007,45226803
Spain,population,2008,45954106
Spain,population,2009,46362946
Spain,population,2010,46576897
Spain,population,2011,46742697
Spain,population,2012,46773055
Spain,population,2013,46620045
Spain,population,2014,46480882
Spain,population,2015,46444832
Spain,population,2016,46483569
Spain,population,2017,46593236
United Kingdom,population,1991,57424897
United Kingdom,population,1992,57580402
United Kingdom,population,1993,57718614
United Kingdom,population,1994,57865745
United Kingdom,population,1995,58019030
United Kingdom,population,1996,58166950
United Kingdom,population,1997,58316954
United Kingdom,population,1998,58487141
United Kingdom,population,1999,58682466
United Kingdom,population,2000,58892514
United Kingdom,population,2001,59119673
United Kingdom,population,2002,59370479
United Kingdom,population,2003,59647577
United Kingdom,population,2004,59987905
United Kingdom,population,2005,60401206
United Kingdom,population,2006,60846820
United Kingdom,population,2007,61322463
United Kingdom,population,2008,61806995
United Kingdom,population,2009,62276270
United Kingdom,population,2010,62766365
United Kingdom,population,2011,63258918
United Kingdom,population,2012,63700300
United Kingdom,population,2013,64128226
United Kingdom,population,2014,64613160
United Kingdom,population,2015,65128861
United Kingdom,population,2016,65595565
United Kingdom,population,2017,66058859
United States,population,1991,252981000
United States,population,1992,256514000
United States,population,1993,259919000
United States,population,1994,263126000
United States,population,1995,266278000
United States,population,1996,269394000
United States,population,1997,272657000
United States,population,1998,275854000
United States,population,1999,279040000
United States,population,2000,282162411
United States,population,2001,284968955
United States,population,2002,287625193
United States,population,2003,290107933
United States,population,2004,292805298
United States,population,2005,295516599
United States,population,2006,298379912
United States,population,2007,301231207
United States,population,2008,304093966
United States,population,2009,306771529
United States,population,2010,309326085
United States,population,2011,311580009
United States,population,2012,313874218
United States,population,2013,316057727
United States,population,2014,318386421
United States,population,2015,320742673
United States,population,2016,323071342
United States,population,2017,325147121
Austria,population,1991,7754891
Austria,population,1992,7840709
Austria,population,1993,7905633
Austria,population,1994,7936118
Austria,population,1995,7948278
Austria,population,1996,7959017
Austria,population,1997,7968041
Austria,population,1998,7976789
Austria,population,1999,7992324
Austria,population,2000,8011566
Austria,population,2001,8042293
Austria,population,2002,8081957
Austria,population,2003,8121423
Austria,population,2004,8171966
Austria,population,2005,8227829
Austria,population,2006,8268641
Austria,population,2007,8295487
Austria,population,2008,8321496
Austria,population,2009,8343323
Austria,population,2010,8363404
Austria,population,2011,8391643
Austria,population,2012,8429991
Austria,population,2013,8479823
Austria,population,2014,8546356
Austria,population,2015,8642699
Austria,population,2016,8736668
Austria,population,2017,8797566
Belgium,population,1991,10004486
Belgium,population,1992,10045158
Belgium,population,1993,10084475
Belgium,population,1994,10115603
Belgium,population,1995,10136811
Belgium,population,1996,10156637
Belgium,population,1997,10181245
Belgium,population,1998,10203008
Belgium,population,1999,10226419
Belgium,population,2000,10251250
Belgium,population,2001,10286570
Belgium,population,2002,10332785
Belgium,population,2003,10376133
Belgium,population,2004,10421137
Belgium,population,2005,10478617
Belgium,population,2006,10547958
Belgium,population,2007,10625700
Belgium,population,2008,10709973
Belgium,population,2009,10796493
Belgium,population,2010,10895586
Belgium,population,2011,11038264
Belgium,population,2012,11106932
Belgium,population,2013,11159407
Belgium,population,2014,11209057
Belgium,population,2015,11274196
Belgium,population,2016,11331422
Belgium,population,2017,11375158
Canada,population,1991,28037420
Canada,population,1992,28371264
Canada,population,1993,28684764
Canada,population,1994,29000663
Canada,population,1995,29302311
Canada,population,1996,29610218
Canada,population,1997,29905948
Canada,population,1998,30155173
Canada,population,1999,30401286
Canada,population,2000,30685730
Canada,population,2001,31020902
Canada,population,2002,31360079
Canada,population,2003,31644028
Canada,population,2004,31940655
Canada,population,2005,32243753
Canada,population,2006,32571174
Canada,population,2007,32889025
Canada,population,2008,33247118
Canada,population,2009,33628895
Canada,population,2010,34004889
Canada,population,2011,34339328
Canada,population,2012,34714222
Canada,population,2013,35082954
Canada,population,2014,35437435
Canada,population,2015,35702908
Canada,population,2016,36109487
Canada,population,2017,36540268
Chile,population,1991,13495258
Chile,population,1992,13719819
Chile,population,1993,13944937
Chile,population,1994,14166340
Chile,population,1995,14380866
Chile,population,1996,14587370
Chile,population,1997,14786220
Chile,population,1998,14977733
Chile,population,1999,15162800
Chile,population,2000,15342353
Chile,population,2001,15516113
Chile,population,2002,15684409
Chile,population,2003,15849652
Chile,population,2004,16014971
Chile,population,2005,16182721
Chile,population,2006,16354504
Chile,population,2007,16530195
Chile,population,2008,16708258
Chile,population,2009,16886186
Chile,population,2010,17062536
Chile,population,2011,17233576
Chile,population,2012,17400347
Chile,population,2013,17571507
Chile,population,2014,17758959
Chile,population,2015,17969353
Chile,population,2016,18209068
Chile,population,2017,18470439
Czech Republic,population,1991,10308578
Czech Republic,population,1992,10319123
Czech Republic,population,1993,10329855
Czech Republic,population,1994,10333587
Czech Republic,population,1995,10327253
Czech Republic,population,1996,10315241
Czech Republic,population,1997,10304131
Czech Republic,population,1998,10294373
Czech Republic,population,1999,10283860
Czech Republic,population,2000,10255063
Czech Republic,population,2001,10216605
Czech Republic,population,2002,10196916
Czech Republic,population,2003,10193998
Czech Republic,population,2004,10197101
Czech Republic,population,2005,10211216
Czech Republic,population,2006,10238905
Czech Republic,population,2007,10298828
Czech Republic,population,2008,10384603
Czech Republic,population,2009,10443936
Czech Republic,population,2010,10474410
Czech Republic,population,2011,10496088
Czech Republic,population,2012,10510785
Czech Republic,population,2013,10514272
Czech Republic,population,2014,10525347
Czech Republic,population,2015,10546059
Czech Republic,population,2016,10566332
Czech Republic,population,2017,10594438
Denmark,population,1991,5154298
Denmark,population,1992,5171370
Denmark,population,1993,5188628
Denmark,population,1994,5206180
Denmark,population,1995,5233373
Denmark,population,1996,5263074
Denmark,population,1997,5284991
Denmark,population,1998,5304219
Denmark,population,1999,5321799
Denmark,population,2000,5339616
Denmark,population,2001,5358783
Denmark,population,2002,5375931
Denmark,population,2003,5390574
Denmark,population,2004,5404523
Denmark,population,2005,5419432
Denmark,population,2006,5437272
Denmark,population,2007,5461438
Denmark,population,2008,5493621
Denmark,population,2009,5523095
Denmark,population,2010,5547683
Denmark,population,2011,5570572
Denmark,population,2012,5591572
Denmark,population,2013,5614932
Denmark,population,2014,5643475
Denmark,population,2015,5683483
Denmark,population,2016,5728010
Denmark,population,2017,5764980
Finland,population,1991,5013740
Finland,population,1992,5041992
Finland,population,1993,5066447
Finland,population,1994,5088333
Finland,population,1995,5107790
Finland,population,1996,5124573
Finland,population,1997,5139835
Finland,population,1998,5153498
Finland,population,1999,5165474
Finland,population,2000,5176209
Finland,population,2001,5188008
Finland,population,2002,5200598
Finland,population,2003,5213014
Finland,population,2004,5228172
Finland,population,2005,5246096
Finland,population,2006,5266268
Finland,population,2007,5288720
Finland,population,2008,5313399
Finland,population,2009,5338871
Finland,population,2010,5363352
Finland,population,2011,5388272
Finland,population,2012,5413971
Finland,population,2013,5438972
Finland,population,2014,5461512
Finland,population,2015,5479531
Finland,population,2016,5495303
Finland,population,2017,5508214
Greece,population,1991,10319927
Greece,population,1992,10399061
Greece,population,1993,10460415
Greece,population,1994,10512922
Greece,population,1995,10562153
Greece,population,1996,10608800
Greece,population,1997,10661259
Greece,population,1998,10720509
Greece,population,1999,10761698
Greece,population,2000,10805808
Greece,population,2001,10862132
Greece,population,2002,10902022
Greece,population,2003,10928070
Greece,population,2004,10955141
Greece,population,2005,10987314
Greece,population,2006,11020362
Greece,population,2007,11048473
Greece,population,2008,11077841
Greece,population,2009,11107017
Greece,population,2010,11121341
Greece,population,2011,11104899
Greece,population,2012,11045011
Greece,population,2013,10965211
Greece,population,2014,10892413
Greece,population,2015,10820883
Greece,population,2016,10775971
Greece,population,2017,10754679
Iceland,population,1991,257797
Iceland,population,1992,261057
Iceland,population,1993,263725
Iceland,population,1994,266021
Iceland,population,1995,267468
Iceland,population,1996,268916
Iceland,population,1997,271128
Iceland,population,1998,274047
Iceland,population,1999,277381
Iceland,population,2000,281205
Iceland,population,2001,284968
Iceland,population,2002,287523
Iceland,population,2003,289521
Iceland,population,2004,292074
Iceland,population,2005,296734
Iceland,population,2006,303782
Iceland,population,2007,311566
Iceland,population,2008,317414
Iceland,population,2009,318499
Iceland,population,2010,318041
Iceland,population,2011,319014
Iceland,population,2012,320716
Iceland,population,2013,323764
Iceland,population,2014,327386
Iceland,population,2015,330815
Iceland,population,2016,335439
Iceland,population,2017,343400
Ireland,population,1991,3534235
Ireland,population,1992,3558430
Ireland,population,1993,3576261
Ireland,population,1994,3590386
Ireland,population,1995,3608841
Ireland,population,1996,3637510
Ireland,population,1997,3674171
Ireland,population,1998,3712696
Ireland,population,1999,3754786
Ireland,population,2000,3805174
Ireland,population,2001,3866243
Ireland,population,2002,3931947
Ireland,population,2003,3996521
Ireland,population,2004,4070262
Ireland,population,2005,4159914
Ireland,population,2006,4273591
Ireland,population,2007,4398942
Ireland,population,2008,4489544
Ireland,population,2009,4535375
Ireland,population,2010,4560155
Ireland,population,2011,4580084
Ireland,population,2012,4599533
Ireland,population,2013,4623816
Ireland,population,2014,4657740
Ireland,population,2015,4701957
Ireland,population,2016,4755335
Ireland,population,2017,4807388
Hungary,population,1991,10373400
Hungary,population,1992,10369341
Hungary,population,1993,10357523
Hungary,population,1994,10343355
Hungary,population,1995,10328965
Hungary,population,1996,10311238
Hungary,population,1997,10290486
Hungary,population,1998,10266570
Hungary,population,1999,10237530
Hungary,population,2000,10210971
Hungary,population,2001,10187576
Hungary,population,2002,10158608
Hungary,population,2003,10129552
Hungary,population,2004,10107146
Hungary,population,2005,10087065
Hungary,population,2006,10071370
Hungary,population,2007,10055780
Hungary,population,2008,10038188
Hungary,population,2009,10022650
Hungary,population,2010,10000023
Hungary,population,2011,9971727
Hungary,population,2012,9920362
Hungary,population,2013,9893082
Hungary,population,2014,9866468
Hungary,population,2015,9843028
Hungary,population,2016,9814023
Hungary,population,2017,9787966
New Zealand,population,1991,3495100
New Zealand,population,1992,3531700
New Zealand,population,1993,3572200
New Zealand,population,1994,3620000
New Zealand,population,1995,3673400
New Zealand,population,1996,3732000
New Zealand,population,1997,3781300
New Zealand,population,1998,3815000
New Zealand,population,1999,3835100
New Zealand,population,2000,3857700
New Zealand,population,2001,3880500
New Zealand,population,2002,3948500
New Zealand,population,2003,4027200
New Zealand,population,2004,4087500
New Zealand,population,2005,4133900
New Zealand,population,2006,4184600
New Zealand,population,2007,4223800
New Zealand,population,2008,4259800
New Zealand,population,2009,4302600
New Zealand,population,2010,4350700
New Zealand,population,2011,4384000
New Zealand,population,2012,4408100
New Zealand,population,2013,4442100
New Zealand,population,2014,4509700
New Zealand,population,2015,4595700
New Zealand,population,2016,4693200
New Zealand,population,2017,4793900
Portugal,population,1991,9960235
Portugal,population,1992,9952494
Portugal,population,1993,9964675
Portugal,population,1994,9991525
Portugal,population,1995,10026176
Portugal,population,1996,10063945
Portugal,population,1997,10108977
Portugal,population,1998,10160196
Portugal,population,1999,10217828
Portugal,population,2000,10289898
Portugal,population,2001,10362722
Portugal,population,2002,10419631
Portugal,population,2003,10458821
Portugal,population,2004,10483861
Portugal,population,2005,10503330
Portugal,population,2006,10522288
Portugal,population,2007,10542964
Portugal,population,2008,10558177
Portugal,population,2009,10568247
Portugal,population,2010,10573100
Portugal,population,2011,10557560
Portugal,population,2012,10514844
Portugal,population,2013,10457295
Portugal,population,2014,10401062
Portugal,population,2015,10358076
Portugal,population,2016,10325452
Portugal,population,2017,10300300
Singapore,population,1991,3135083
Singapore,population,1992,3230698
Singapore,population,1993,3313471
Singapore,population,1994,3419048
Singapore,population,1995,3524506
Singapore,population,1996,3670704
Singapore,population,1997,3796038
Singapore,population,1998,3927213
Singapore,population,1999,3958723
Singapore,population,2000,4027887
Singapore,population,2001,4138012
Singapore,population,2002,4175950
Singapore,population,2003,4114826
Singapore,population,2004,4166664
Singapore,population,2005,4265762
Singapore,population,2006,4401365
Singapore,population,2007,4588599
Singapore,population,2008,4839396
Singapore,population,2009,4987573
Singapore,population,2010,5076732
Singapore,population,2011,5183688
Singapore,population,2012,5312437
Singapore,population,2013,5399162
Singapore,population,2014,5469724
Singapore,population,2015,5535002
Singapore,population,2016,5607283
Singapore,population,2017,5612253
South Africa,population,1991,37718950
South Africa,population,1992,38672607
South Africa,population,1993,39633750
South Africa,population,1994,40564059
South Africa,population,1995,41435758
South Africa,population,1996,42241011
South Africa,population,1997,42987461
South Africa,population,1998,43682260
South Africa,population,1999,44338543
South Africa,population,2000,44967708
South Africa,population,2001,45571274
South Africa,population,2002,46150913
South Africa,population,2003,46719196
South Africa,population,2004,47291610
South Africa,population,2005,47880601
South Africa,population,2006,48489459
South Africa,population,2007,49119759
South Africa,population,2008,49779471
South Africa,population,2009,50477011
South Africa,population,2010,51216964
South Africa,population,2011,52004172
South Africa,population,2012,52834005
South Africa,population,2013,53689236
South Africa,population,2014,54545991
South Africa,population,2015,55386367
South Africa,population,2016,56203654
South Africa,population,2017,57000451
Sweden,population,1991,8617375
Sweden,population,1992,8668067
Sweden,population,1993,8718561
Sweden,population,1994,8780745
Sweden,population,1995,8826939
Sweden,population,1996,8840998
Sweden,population,1997,8846062
Sweden,population,1998,8850974
Sweden,population,1999,8857874
Sweden,population,2000,8872109
Sweden,population,2001,8895960
Sweden,population,2002,8924958
Sweden,population,2003,8958229
Sweden,population,2004,8993531
Sweden,population,2005,9029572
Sweden,population,2006,9080505
Sweden,population,2007,9148092
Sweden,population,2008,9219637
Sweden,population,2009,9298515
Sweden,population,2010,9378126
Sweden,population,2011,9449213
Sweden,population,2012,9519374
Sweden,population,2013,9600379
Sweden,population,2014,9696110
Sweden,population,2015,9799186
Sweden,population,2016,9923085
Sweden,population,2017,10057698
